annotator	annotation_id	instance_id	mapping_label	missing_entity	extra_entity	confidence	changed_region_record	rationale
A	GT-047	psf__requests-1724	部分正确	是	否	5	requests/sessions.py::模块级导入 requests/sessions.py::requests.sessions.Session.request	补丁包含两处实际变更行：(1)第12行导入语句-from .compat import cookielib, OrderedDict, urljoin, urlparse, urlunparse和+from .compat import cookielib, OrderedDict, urljoin, urlparse, urlunparse, builtin_str，按A-3规则属于模块级导入编辑实体；(2)第312行在Session.request方法体内新增+method = builtin_str(method)，属于方法体修改。自动映射仅覆盖Session.request方法，遗漏了模块级导入实体
A	GT-046	pallets__flask-5014	正确	否	否	5	src/flask/blueprints.py::flask.blueprints.Blueprint.init	补丁仅在Blueprint.__init__方法体内新增两行空名称校验（+if not name:和+raise ValueError(…)），无导入变更、无新增/删除方法或类
A	GT-053	sympy__sympy-22080	部分正确	是	否	5	sympy/printing/codeprinter.py::模块级导入 sympy/printing/codeprinter.py::sympy.printing.codeprinter.CodePrinter._print_Mul sympy/printing/precedence.py::sympy.printing.precedence.PRECEDENCE_VALUES	补丁涉及三个实际编辑实体：(1)codeprinter.py第9行导入语句由from sympy.printing.precedence import precedence变更为from sympy.printing.precedence import precedence, PRECEDENCE（+行），按A-3属于模块级导入编辑；(2)codeprinter.py中CodePrinter._print_Mul方法体新增一元负号优先级的if-else分支（+487~494行）；(3)precedence.py中PRECEDENCE_VALUES字典新增"Mod": PRECEDENCE["Mul"]条目（+43行）。自动映射覆盖了后两个但遗漏了模块级导入实体
A	GT-041	pylint-dev__pylint-4551	部分正确	是	是	5	pylint/pyreverse/diagrams.py::pylint.pyreverse.diagrams.ClassDiagram.class_names pylint/pyreverse/inspector.py::pylint.pyreverse.inspector.Linker.visit_assignname pylint/pyreverse/inspector.py::pylint.pyreverse.inspector.Linker.handle_assignattr_type pylint/pyreverse/utils.py::模块级导入 pylint/pyreverse/utils.py::pylint.pyreverse.utils.get_annotation_label pylint/pyreverse/utils.py::pylint.pyreverse.utils.get_annotation pylint/pyreverse/utils.py::pylint.pyreverse.utils.infer_node pylint/pyreverse/writer.py::模块级导入 pylint/pyreverse/writer.py::pylint.pyreverse.writer.DotWriter.get_values	补丁实际编辑9个实体：(1)diagrams.py中ClassDiagram.class_names的isinstance条件新增astroid.Name和astroid.Subscript（+122行）；(2)inspector.py中Linker.visit_assignname删除try-except包装并改用utils.infer_node(node)（-205~223行/+205~219行）；(3)inspector.py中Linker.handle_assignattr_type同样删除try-except改用utils.infer_node（-229~235行/+225~230行）；(4)utils.py新增导入from typing import Optional, Union和import astroid（+22~24行），按A-3为模块级导入实体；(5)utils.py新增函数get_annotation_label（+220行）；(6)新增函数get_annotation（+227行）；(7)新增函数infer_node（+261行），按A-2均属新增编辑实体；(8)writer.py导入行新增get_annotation_label（+22行），为模块级导入编辑；(9)writer.py中DotWriter.get_values方法体新增类型注解标签生成逻辑（+137~160行）。自动映射将LocalsVisitor.visit列为编辑实体，但补丁未修改该方法——该方法仅作为上下文出现在diff中（@@ -213,3行），实际编辑在其后新增的三个函数，故应删除
A	GT-043	astropy__astropy-14096	正确	否	否	5	astropy/coordinates/sky_coordinate.py::astropy.coordinates.sky_coordinate.SkyCoord.getattr	补丁仅修改SkyCoord.__getattr__方法体尾部：删除原有的raise AttributeError三行，替换为调用self.__getattribute__(attr)。无新增/删除方法或类，无import变更，自动映射覆盖唯一编辑实体SkyCoord.__getattr__，完整正确
A	GT-038	matplotlib__matplotlib-24870	正确	否	否	5	lib/matplotlib/contour.py::matplotlib.contour.ContourSet._process_contour_level_args lib/matplotlib/contour.py::matplotlib.contour.QuadContourSet._contour_args lib/matplotlib/contour.py::matplotlib.contour.QuadContourSet._check_xyz lib/matplotlib/tri/_tricontour.py::matplotlib.tri._tricontour.TriContourSet._contour_args	补丁实际编辑4个实体：(1)ContourSet._process_contour_level_args签名由(self, args)变为(self, args, z_dtype)，方法体内if len(args) == 0改为if args并新增np.issubdtype(z_dtype, bool)分支（+1117~1120行）；(2)QuadContourSet._contour_args方法体多处修改：z = ma.asarray(args[0], dtype=np.float64)改为z, *args = args后z = ma.asarray(z)，调用处改为self._process_contour_level_args(args, z.dtype)（+1452~1467行）；(3)QuadContourSet._check_xyz签名由(self, args, kwargs)变为(self, x, y, z, kwargs)，删除x, y = args[:2]，z = ma.asarray(args[2], dtype=np.float64)改为z = ma.asarray(z)（+1467~1469行）；(4)TriContourSet._contour_args中z = np.ma.asarray(args[0])改为z, *args = args后z = np.ma.asarray(z)，调用处改为self._process_contour_level_args(args, z.dtype)（+53~75行）。自动映射覆盖全部4个实体，无遗漏无多余
A	GT-018	sympy__sympy-19346	部分正确	是	是	5	sympy/printing/repr.py::sympy.printing.repr.ReprPrinter._print_dict sympy/printing/repr.py::sympy.printing.repr.ReprPrinter._print_set	补丁仅新增两个方法_print_dict（+147~150行）和_print_set（+152~155行），均属于ReprPrinter类。按A-2规则，新增方法本身即为编辑实体，应以方法级全限定名列出；ReprPrinter类本身未被新增或删除，不应作为编辑实体。自动映射将整个类列为编辑实体粒度错误，遗漏了两个具体新增方法
A	GT-042	pytest-dev__pytest-8399	正确	否	否	5	src/_pytest/python.py::_pytest.python.Module._inject_setup_module_fixture src/_pytest/python.py::_pytest.python.Module._inject_setup_function_fixture src/_pytest/python.py::_pytest.python.Class._inject_setup_class_fixture src/_pytest/python.py::_pytest.python.Class._inject_setup_method_fixture src/_pytest/unittest.py::_pytest.unittest._make_xunit_fixture	补丁在python.py中修改了4个方法的fixture名称字符串（Module._inject_setup_module_fixture第528行、Module._inject_setup_function_fixture第557行、Class._inject_setup_class_fixture第809行、Class._inject_setup_method_fixture第838行），均在name=f"…"前添加下划线前缀；在unittest.py中修改了_make_xunit_fixture函数第144行的name=f"…"同样添加下划线前缀。无import变更、无新增/删除方法或类。自动映射5个实体与补丁实际编辑的5个实体一一对应，完整正确
A	GT-029	psf__requests-2931	正确	否	否	5	requests/models.py::requests.models.RequestEncodingMixin._encode_params requests/models.py::requests.models.PreparedRequest.prepare_url	补丁仅涉及两处方法体修改：(1)RequestEncodingMixin._encode_params第81行将return to_native_string(data)替换为return data（-/+行），移除了对to_native_string的调用；(2)PreparedRequest.prepare_url第385行新增if isinstance(params, (str, bytes)): params = to_native_string(params)三行（+行），将to_native_string调用迁移至此。无import变更、无新增/删除方法或类。自动映射覆盖全部两个编辑实体，完整正确
A	GT-033	scikit-learn__scikit-learn-10297	正确	否	否	5	sklearn/linear_model/ridge.py::sklearn.linear_model.ridge.RidgeCV sklearn/linear_model/ridge.py::sklearn.linear_model.ridge.RidgeClassifierCV sklearn/linear_model/ridge.py::sklearn.linear_model.ridge.RidgeClassifierCV.init	补丁涉及三处实际编辑：(1)RidgeCV类文档字符串中store_cv_values参数与cv_values_属性描述的反引号从单引号改为双引号（-/+行1212~1220），属于对RidgeCV类的编辑；(2)RidgeClassifierCV类文档字符串新增store_cv_values参数描述段落并修改cv_values_属性描述（+/-行1301~1319），属于对RidgeClassifierCV类的编辑；(3)RidgeClassifierCV.__init__方法签名新增store_cv_values=False参数并在super().__init__()调用中传递该参数（+/-行1338~1341），属于方法签名与调用修改
A	GT-044	django__django-14311	正确	否	否	5	django/utils/autoreload.py::django.utils.autoreload.get_child_arguments	补丁仅修改get_child_arguments函数体内部（+223~228行），将原先直接使用__main__.__spec__.parent作为-m参数的逻辑替换为：先获取spec = __main__.__spec__，再判断spec.name是否为'__main__'或以'.__main__'结尾，若满足且有spec.parent则取spec.parent为name，否则取spec.name
A	GT-010	astropy__astropy-14182	部分正确	是	是	5	astropy/io/ascii/rst.py::astropy.io.ascii.rst.SimpleRSTData astropy/io/ascii/rst.py::astropy.io.ascii.rst.RST.init astropy/io/ascii/rst.py::astropy.io.ascii.rst.RST.write astropy/io/ascii/rst.py::astropy.io.ascii.rst.RST.read	补丁实际编辑4个实体：(1)SimpleRSTData类删除类属性start_line = 3（-27行）；(2)RST.__init__签名从(self)改为(self, header_rows=None)且super().__init__调用新增header_rows=header_rows（+57~60行）；(3)RST.write方法体将固定索引lines[1]改为动态lines[idx]其中idx = len(self.header.header_rows)（+63~65行）；(4)新增方法RST.read（+67~69行），按A-2为新增编辑实体。自动映射正确覆盖了前三个，但遗漏了RST.read且错误地将RST类整体列为编辑实体
A	GT-015	pytest-dev__pytest-10051	部分正确	是	是	5	src/_pytest/logging.py::_pytest.logging.LogCaptureHandler.clear src/_pytest/logging.py::_pytest.logging.LogCaptureFixture.clear	补丁涉及两处实质性编辑：(1)在LogCaptureHandler类中新增方法clear（+344~347行，含self.records.clear()和self.stream = StringIO()），按A-2新增方法为编辑实体，应以方法级全限定名列出而非其所属类；(2)LogCaptureFixture.clear方法体中将self.handler.reset()改为self.handler.clear()（+443行）。此外diff中删除模块级空行（-40行）为无关紧要的空白清理，不构成独立编辑实体。自动映射将LogCaptureHandler类整体列为编辑实体粒度错误，类本身未被新增或删除，仅新增了其中一个方法
A	GT-026	django__django-11138	正确	否	否	5	django/db/backends/mysql/operations.py::django.db.backends.mysql.operations.DatabaseOperations._convert_field_to_tz django/db/backends/oracle/operations.py::django.db.backends.oracle.operations.DatabaseOperations._convert_field_to_tz django/db/backends/sqlite3/base.py::django.db.backends.sqlite3.base.DatabaseWrapper.get_new_connection django/db/backends/sqlite3/base.py::django.db.backends.sqlite3.base._sqlite_datetime_parse django/db/backends/sqlite3/base.py::django.db.backends.sqlite3.base._sqlite_datetime_cast_date django/db/backends/sqlite3/base.py::django.db.backends.sqlite3.base._sqlite_datetime_cast_time django/db/backends/sqlite3/base.py::django.db.backends.sqlite3.base._sqlite_datetime_extract django/db/backends/sqlite3/base.py::django.db.backends.sqlite3.base._sqlite_datetime_trunc django/db/backends/sqlite3/operations.py::django.db.backends.sqlite3.operations.DatabaseOperations._convert_tzname_to_sql django/db/backends/sqlite3/operations.py::django.db.backends.sqlite3.operations.DatabaseOperations.datetime_cast_date_sql django/db/backends/sqlite3/operations.py::django.db.backends.sqlite3.operations.DatabaseOperations.datetime_cast_time_sql django/db/backends/sqlite3/operations.py::django.db.backends.sqlite3.operations.DatabaseOperations.datetime_extract_sql django/db/backends/sqlite3/operations.py::django.db.backends.sqlite3.operations.DatabaseOperations.datetime_trunc_sql	补丁修改4个文件共13个实体：(1)mysql/operations.py中_convert_field_to_tz的条件从if settings.USE_TZ改为if settings.USE_TZ and self.connection.timezone_name != tzname且CONVERT_TZ中硬编码'UTC'替换为self.connection.timezone_name（+69行）；(2)oracle/operations.py中_convert_field_to_tz同样将'0:00'(UTC)替换为self.connection.timezone_name并增加时区相同则跳过转换的判断（+99~111行）；(3)sqlite3/base.py中get_new_connection的4个create_function调用参数数量+1（+195~200行），_sqlite_datetime_parse签名新增conn_tzname参数并增加对应逻辑（+398~410行），_sqlite_datetime_cast_date（+445行）、_sqlite_datetime_cast_time（+451行）、_sqlite_datetime_extract（+458行）、_sqlite_datetime_trunc（+476行）均新增conn_tzname参数并传递；(4)sqlite3/operations.py中_convert_tzname_to_sql重命名为_convert_tznames_to_sql并改为返回两个时区值（+87~90行），datetime_cast_date_sql（+92行）、datetime_cast_time_sql（+97行）、datetime_extract_sql（+102行）、datetime_trunc_sql（+107行）相应适配新的双值返回和参数展开。自动映射覆盖全部13个实体，无遗漏无多余。注意_convert_tzname_to_sql已重命名为_convert_tznames_to_sql，自动映射使用旧名但指向同一代码位置
A	GT-005	django__django-15161	错误	是	否	5	django/db/models/expressions.py::django.db.models.expressions.Func django/db/models/expressions.py::django.db.models.expressions.Value django/db/models/expressions.py::django.db.models.expressions.ExpressionWrapper django/db/models/expressions.py::django.db.models.expressions.When django/db/models/expressions.py::django.db.models.expressions.Case django/db/models/expressions.py::django.db.models.expressions.OrderBy	补丁在expressions.py中为6个已有类添加@deconstructible(path='…')装饰器：Func（+651行）、Value（+732行）、ExpressionWrapper（+955行）、When（+988行）、Case（+1056行）、OrderBy（+1230行）。每个类的定义被直接修改（新增装饰器行），按A-2均属编辑实体。自动映射未列出任何实体，遗漏全部6个
A	GT-021	matplotlib__matplotlib-26466	部分正确	否	是	5	lib/matplotlib/text.py::matplotlib.text.OffsetFrom.init lib/matplotlib/text.py::matplotlib.text.OffsetFrom._get_scale lib/matplotlib/text.py::matplotlib.text.OffsetFrom.call lib/matplotlib/text.py::matplotlib.text._AnnotationBase.init	补丁实际编辑4个实体：(1)OffsetFrom.__init__（+1389~1391行）将self._ref_coord = ref_coord替换为x, y = ref_coord; self._ref_coord = x, y以强制复制数组；(2)OffsetFrom._get_scale（-1407~1413行）整个方法被删除；(3)OffsetFrom.__call__（+1437~1439行）删除对已移除的_get_scale的调用，内联为scale = 1 if self._unit == "pixels" else renderer.points_to_pixels(1)并简化Affine2D().scale(scale).translate(x, y)返回；(4)_AnnotationBase.__init__（+1447~1450行）同样将self.xy = xy替换为x, y = xy; self.xy = x, y。OffsetFrom类本身未被新增或删除，按A-2不应列为编辑实体
A	GT-001	django__django-13410	错误	是	否	5	django/core/files/locks.py::django.core.files.locks.lock django/core/files/locks.py::django.core.files.locks.unlock	补丁在else分支下修改了两个模块级函数：(1)lock函数（+110~114行）将ret = fcntl.flock(_fd(f), flags); return ret == 0替换为try-except结构，fcntl.flock调用成功返回True、捕获BlockingIOError返回False；(2)unlock函数（+116~117行）将ret = fcntl.flock(_fd(f), fcntl.LOCK_UN); return ret == 0替换为直接调用fcntl.flock并返回True。无import变更、无新增/删除类
A	GT-060	pytest-dev__pytest-7571	正确	否	否	5	src/_pytest/logging.py::_pytest.logging.LogCaptureFixture.init src/_pytest/logging.py::_pytest.logging.LogCaptureFixture._finalize src/_pytest/logging.py::_pytest.logging.LogCaptureFixture.set_level	补丁实际编辑三个方法体：(1)LogCaptureFixture.__init__新增self._initial_handler_level = None（+345行）；(2)LogCaptureFixture._finalize新增if块调用self.handler.setLevel(self._initial_handler_level)（+354~355行）；(3)LogCaptureFixture.set_level新增self._initial_handler_level = self.handler.level（+437行）
A	GT-058	pydata__xarray-4629	正确	否	否	5	xarray/core/merge.py::xarray.core.merge.merge_attrs	补丁仅修改merge_attrs函数体中combine_attrs == "override"分支的返回值（+501行），将return variable_attrs[0]替换为return dict(variable_attrs[0])，使返回的是副本而非原字典引用
A	GT-007	django__django-16454	错误	是	否	5	django/core/management/base.py::模块级导入 django/core/management/base.py::django.core.management.base.CommandParser.add_subparsers	补丁包含两处实际变更行：(1)第6行新增导入+from functools import partial，按A-3属于模块级导入编辑实体；(2)第72~79行在CommandParser类中新增方法add_subparsers（+行），按A-2属于新增编辑实体
A	GT-022	pytest-dev__pytest-6197	部分正确	否	是	5	src/_pytest/python.py::_pytest.python.Module.init src/_pytest/python.py::_pytest.python.Package.collect src/_pytest/python.py::_pytest.python.PyobjMixin._mount_obj_if_needed src/_pytest/python.py::_pytest.python.PyobjMixin.obj	补丁实际编辑5个方法：(1)Module.__init__整个方法被删除（-432~440行），原先在__init__中检查__init__.py设置_ALLOW_MARKERS=False的逻辑被移除；(2)Package.collect中删除self._mount_obj_if_needed()调用（-639行）；(3)PyobjMixin._mount_obj_if_needed整个方法被删除（-251行），其逻辑被内联；(4)PyobjMixin.objgetter被重写，内联了原_mount_obj_if_needed的逻辑，且get_unpacked_marks(obj)改为get_unpacked_marks(self.obj)（+251~259行）；(5)PyobjMixin.objsetter代码不变但位置移动（-/+行）。Module类和PyobjMixin类本身未被新增或删除，按A-2不应列为编辑实体
A	GT-054	astropy__astropy-14539	正确	否	否	5	astropy/io/fits/diff.py::astropy.io.fits.diff.TableDataDiff._diff	补丁仅在TableDataDiff._diff方法体中修改一处条件判断（+1449行），将elif "P" in col.format:扩展为elif "P" in col.format or "Q" in col.format:，使Q格式（VLA）列也能走对应差异比较分支
A	GT-013	pydata__xarray-3095	部分正确	是	是	5	xarray/core/indexing.py::模块级导入 xarray/core/indexing.py::xarray.core.indexing.PandasIndexAdapter.init xarray/core/indexing.py::xarray.core.indexing.PandasIndexAdapter.dtype xarray/core/indexing.py::xarray.core.indexing.PandasIndexAdapter.array xarray/core/indexing.py::xarray.core.indexing.PandasIndexAdapter.shape xarray/core/indexing.py::xarray.core.indexing.PandasIndexAdapter.getitem xarray/core/indexing.py::xarray.core.indexing.PandasIndexAdapter.transpose xarray/core/indexing.py::xarray.core.indexing.PandasIndexAdapter.repr xarray/core/indexing.py::xarray.core.indexing.PandasIndexAdapter.copy xarray/core/variable.py::xarray.core.variable.IndexVariable.copy	补丁实际编辑10个实体：(1)indexing.py第3行from typing import Sequence改为from typing import Any, Tuple, Sequence, Union（-/+行）和第6行新增from .npcompat import DTypeLike（+行），按A-3属模块级导入编辑；(2)PandasIndexAdapter.__init__签名新增类型注解且方法体新增else: dtype = np.dtype(dtype)（+1228~1243行）；(3)PandasIndexAdapter.dtype属性新增返回类型注解-> np.dtype（+1243行）；(4)PandasIndexAdapter.__array__签名新增类型注解（+1251行）；(5)PandasIndexAdapter.shape属性新增返回类型注解（+1262行）；(6)PandasIndexAdapter.__getitem__签名新增类型注解（+1268~1274行）；(7)PandasIndexAdapter.transpose新增返回类型注解（+1310行）；(8)PandasIndexAdapter.__repr__新增返回类型注解（+1313行）；(9)PandasIndexAdapter.copy为新增方法（+1317~1327行），按A-2属新增编辑实体；(10)variable.py中IndexVariable.copy方法体将分支逻辑简化为data = self._data.copy(deep=deep)（+1942~1945行）。自动映射遗漏了模块级导入和新增的copy方法，且错误地将PandasIndexAdapter类整体列为编辑实体（类本身未被新增或删除，仅内部方法和文档字符串被修改，按A-2不应列出）
A	GT-027	matplotlib__matplotlib-26208	正确	否	否	5	lib/matplotlib/axes/_base.py::matplotlib.axes._base._AxesBase.twinx lib/matplotlib/axes/_base.py::matplotlib.axes._base._AxesBase.twiny	补丁仅涉及两处方法体修改：(1)_AxesBase.twinx方法内新增ax2.xaxis.units = self.xaxis.units（+4441行）；(2)_AxesBase.twiny方法内新增ax2.yaxis.units = self.yaxis.units（+4471行）
A	GT-045	matplotlib__matplotlib-22865	正确	否	否	5	lib/matplotlib/colorbar.py::matplotlib.colorbar.Colorbar._add_solids	补丁仅在Colorbar._add_solids方法体内修改dividers.set_segments调用逻辑（+651~657行），将原本固定切片np.dstack([X, Y])[1:-1]替换为根据self._extend_lower()和self._extend_upper()动态计算start_idx和end_idx的切片方式，以修复extend='both'时边界线条不绘制的问题
A	GT-020	django__django-11149	部分正确	是	是	5	django/contrib/admin/options.py::django.contrib.admin.options.InlineModelAdmin._has_any_perms_for_target_model django/contrib/admin/options.py::django.contrib.admin.options.InlineModelAdmin.has_add_permission django/contrib/admin/options.py::django.contrib.admin.options.InlineModelAdmin.has_change_permission django/contrib/admin/options.py::django.contrib.admin.options.InlineModelAdmin.has_delete_permission django/contrib/admin/options.py::django.contrib.admin.options.InlineModelAdmin.has_view_permission	补丁实际编辑5个实体：(1)新增方法InlineModelAdmin._has_any_perms_for_target_model（+2111行），按A-2属新增编辑实体；(2)InlineModelAdmin.has_add_permission方法体中auto_created分支从return self.has_view_permission(request, obj)改为return self._has_any_perms_for_target_model(request, ['change'])（+2124~2131行）；(3)has_change_permission同理（+2133~2135行）；(4)has_delete_permission同理（+2137~2139行）；(5)has_view_permission从内联权限检查改为调用self._has_any_perms_for_target_model(request, ['view', 'change'])（+2141~2145行）。无import变更。自动映射遗漏了新增方法_has_any_perms_for_target_model，且错误地将InlineModelAdmin类整体列为编辑实体（类本身未被新增或删除，按A-2不应列出）
A	GT-017	sphinx-doc__sphinx-7748	正确	否	否	5	sphinx/ext/autodoc/init.py::sphinx.ext.autodoc.init.DocstringSignatureMixin sphinx/ext/autodoc/init.py::sphinx.ext.autodoc.init.DocstringSignatureMixin._find_signature sphinx/ext/autodoc/init.py::sphinx.ext.autodoc.init.DocstringSignatureMixin.get_doc sphinx/ext/autodoc/init.py::sphinx.ext.autodoc.init.DocstringSignatureMixin.format_signature sphinx/ext/autodoc/init.py::sphinx.ext.autodoc.init.FunctionDocumenter.format_signature	补丁涉及5个实际编辑：(1)DocstringSignatureMixin类体中新增两个类属性_new_docstrings = None和_signatures = None（+1036~1037行），属于对类定义的赋值编辑；(2)DocstringSignatureMixin._find_signature方法体重写，将valid_names构建提前，外层循环从for i, doclines变为双层for i, doclines / for j, line，新增多行签名（multiline）支持和self._signatures.append收集后续签名（+1038~1071行）；(3)DocstringSignatureMixin.get_doc方法体将getattr调用改为直接访问self._new_docstrings（+1076~1079行）；(4)DocstringSignatureMixin.format_signature新增if self._signatures分支，用换行符拼接多签名（+1088~1095行）；(5)FunctionDocumenter.format_signature新增documenter.objpath = [None]行（+1205行）
A	GT-030	pydata__xarray-3993	正确	否	否	5	xarray/core/dataarray.py::xarray.core.dataarray.DataArray.integrate xarray/core/dataset.py::xarray.core.dataset.Dataset.integrate	补丁仅涉及两个文件中的两个方法体编辑：(1)dataarray.py中DataArray.integrate签名从(self, dim, datetime_unit=None)改为(self, coord=None, datetime_unit=None, *, dim=None)，方法体内新增dim与coord互斥检查和dim到coord的弃用迁移逻辑（+3481~3534行）；(2)dataset.py中Dataset.integrate签名新增类型注解coord: Union[...]和datetime_unit: str = None、返回类型注解-> "Dataset"，并修改文档字符串（+5963~5974行）
A	GT-051	scikit-learn__scikit-learn-12973	正确	否	否	5	sklearn/linear_model/least_angle.py::sklearn.linear_model.least_angle.LassoLarsIC.fit	补丁仅修改LassoLarsIC.fit方法体：签名参数copy_X=True改为copy_X=None（+1479行），文档字符串中默认值说明相应更新（+1490~1493行），方法体内新增if copy_X is None: copy_X = self.copy_X（+1500~1501行），并将LinearModel._preprocess_data调用的末参数从self.copy_X改为局部变量copy_X（+1504~1505行）
A	GT-004	django__django-13569	错误	是	否	5	django/db/models/functions/math.py::django.db.models.functions.math.Random.get_group_by_cols	补丁仅在Random类中新增方法get_group_by_cols（+157~158行，方法体return []），按A-2新增方法属编辑实体，应以方法级全限定名列出
A	GT-059	pylint-dev__pylint-4970	正确	否	否	5	pylint/checkers/similar.py::pylint.checkers.similar.Similar.run	补丁仅在Similar.run方法体开头新增if self.min_lines == 0: return两行（+390~391行），使min_lines为0时跳过重复代码检测
A	GT-039	mwaskom__seaborn-3069	正确	否	否	5	seaborn/_core/plot.py::模块级导入 seaborn/_core/plot.py::seaborn._core.plot.Plotter._setup_scales seaborn/_core/plot.py::seaborn._core.plot.Plotter._finalize_figure	补丁涉及三处实际编辑：(1)第25行导入语句从from seaborn._core.scales import Scale变更为+from seaborn._core.scales import Scale, Nominal，按A-3属模块级导入编辑实体；(2)Plotter._setup_scales方法体内删除局部导入from seaborn._core.scales import Nominal（-1238行），因该导入已提升至模块级；(3)Plotter._finalize_figure方法体新增axis_obj = getattr(ax, f"{axis}axis")和Nominal尺度特殊处理逻辑（+1630~1644行），包括禁用网格、设置±0.5边界及y轴反转
A	GT-002	pylint-dev__pylint-4661	部分正确	是	否	4	pylint/config/init.py::模块级导入 pylint/config/init.py::pylint.config	补丁涉及两个文件：(1)pylint/config/__init__.py中新增+import appdirs（+36行），按A-3属模块级导入编辑实体；同时模块级PYLINT_HOME赋值从os.path.join(USER_HOME, ".pylint.d")改为appdirs.user_cache_dir("pylint")并新增old_home检查逻辑（+65~73行），属于模块级代码编辑。(2)setup.cfg中新增依赖appdirs>=1.4.0、isort配置及mypy配置，该文件为项目配置文件非Python源码，无代码实体可映射，"(无)"正确
A	GT-024	sphinx-doc__sphinx-9229	部分正确	是	是	5	sphinx/ext/autodoc/init.py::sphinx.ext.autodoc.init.ClassDocumenter.get_doc sphinx/ext/autodoc/init.py::sphinx.ext.autodoc.init.ClassDocumenter.get_variable_comment sphinx/ext/autodoc/init.py::sphinx.ext.autodoc.init.ClassDocumenter.add_content	补丁实际编辑三个方法：(1)ClassDocumenter.get_doc中doc_as_attr分支从直接return None改为先调用self.get_variable_comment()，有comment则return []否则return None（+1676~1682行）；(2)新增方法ClassDocumenter.get_variable_comment（+1725~1732行），按A-2属新增编辑实体；(3)ClassDocumenter.add_content条件从if self.doc_as_attr:改为if self.doc_as_attr and not self.get_variable_comment():（+1735行）。无import变更。自动映射遗漏新增方法get_variable_comment，且错误地将ClassDocumenter类整体列为编辑实体（类本身未被新增或删除，按A-2不应列出）
A	GT-037	django__django-13158	正确	否	否	5	django/db/models/sql/query.py::django.db.models.sql.query.Query.clone django/db/models/sql/query.py::django.db.models.sql.query.Query.set_empty	补丁仅涉及两处方法体编辑：(1)Query.clone方法内新增obj.combined_queries = tuple(query.clone() for query in self.combined_queries)（+305行），使clone时也深拷贝组合查询；(2)Query.set_empty方法内新增for循环for query in self.combined_queries: query.set_empty()（+1778~1779行）
A	GT-011	django__django-16263	部分正确	否	否	5	django/db/models/expressions.py::django.db.models.expressions.BaseExpression.get_refs django/db/models/expressions.py::django.db.models.expressions.Ref.get_refs django/db/models/query_utils.py::django.db.models.query_utils.Q.resolve_expression django/db/models/query_utils.py::django.db.models.query_utils.refs_expression django/db/models/sql/query.py::django.db.models.sql.query.Query.get_aggregation django/db/models/sql/query.py::django.db.models.sql.query.Query.solve_lookup_type django/db/models/sql/query.py::django.db.models.sql.query.Query.build_filter django/db/models/sql/query.py::django.db.models.sql.query.Query._add_q django/db/models/sql/where.py::django.db.models.sql.where.WhereNode.get_refs	补丁实际编辑9个实体：(1)BaseExpression.get_refs新增方法（+405行）；(2)Ref.get_refs新增方法（+1173行）；(3)Q.resolve_expression传递summarize=summarize参数（+90行）；(4)refs_expression返回值从(annotations[...], ...)改为(level_n_lookup, ...)和从(False, ())改为(None, ())（+359行）；(5)Query.get_aggregation中existing_annotations计算逻辑重写、新增annotation_mask收集与replace_expressions调用、子查询推送逻辑修改（+441~534行）；(6)Query.solve_lookup_type签名新增summarize=False参数并新增Ref包装逻辑（+1214行）；(7)Query.build_filter签名新增summarize=False并传递（+1363行）；(8)Query._add_q签名新增summarize=False并传递（+1557行）；(9)WhereNode.get_refs新增方法（+227行）。自动映射正确覆盖了6个方法编辑实体，但将BaseExpression、Ref、WhereNode三个类整体列为编辑实体——这些类本身未被新增或删除，仅新增了其中方法，按A-2不应列出类而应列新增方法
A	GT-008	django__django-16819	正确	否	否	5	django/db/migrations/operations/models.py::django.db.migrations.operations.models.AddIndex.reduce	补丁仅有一处实际变更：在AddIndex类中新增reduce方法（+861~866行，含方法定义及方法体4行）。该方法检查若operation为RemoveIndex且索引名称匹配则返回空列表以消除该操作对
A	GT-028	mwaskom__seaborn-3187	正确	否	否	5	seaborn/_core/scales.py::seaborn._core.scales.ContinuousBase._setup seaborn/utils.py::seaborn.utils.locator_to_legend_entries	补丁涉及两处方法/函数体编辑：(1)scales.py中ContinuousBase._setup方法体新增if hasattr(axis.major.formatter, "set_useOffset")和if hasattr(axis.major.formatter, "set_scientific")两个if块（+378~386行），用于禁用图例中formatter的偏移量和科学计数法；(2)utils.py中locator_to_legend_entries函数体内ScalarFormatter实例化后新增formatter.set_useOffset(False)和formatter.set_scientific(False)两行（+699~701行）
A	GT-055	django__django-16082	正确	否	否	5	django/db/models/expressions.py::django.db.models.expressions._connector_combinations	补丁仅在模块级变量_connector_combinations的connector in (...)元组中新增Combinable.MOD一行（+533行），属于模块级赋值编辑
A	GT-031	pylint-dev__pylint-4604	部分正确	否	否	5	pylint/checkers/variables.py::pylint.checkers.variables.VariablesChecker._store_type_annotation_node pylint/constants.py::模块级导入 pylint/constants.py::pylint.constants.IS_PYPY	补丁涉及三个实际编辑实体：(1)variables.py第1826行在VariablesChecker._store_type_annotation_node方法体内新增if isinstance(type_annotation, astroid.Attribute)分支三行（+行），用于处理类型注释中的属性访问；(2)constants.py第1行新增+import platform（+行），按A-3属模块级导入编辑实体；(3)constants.py第12行新增模块级赋值+IS_PYPY = platform.python_implementation() == "PyPy"（+行），按A-2属新增赋值编辑实体。自动映射仅覆盖了_store_type_annotation_node方法，遗漏了constants.py中的模块级导入和IS_PYPY赋值
B	GT-003	sympy__sympy-16766	错误	是	否	5	sympy.printing.pycode._print_Not(self,expr) sympy.printing.pycode._print_Indexed(self,expr)                       --git a/sympy/printing/pycode.py b/sympy/printing/pycode.py --- a/sympy/printing/pycode.py +++ b/sympy/printing/pycode.py	主要映射与实体sympy.printing.pycode._print_Not(self,expr) sympy.printing.pycode._print_Indexed(self,expr) 不符。
B	GT-054	astropy__astropy-14539	正确	否	否	5	astropy.io.fits.diff.TableDataDiff._diff(self)                                   --git a/astropy/io/fits/diff.py b/astropy/io/fits/diff.py --- a/astropy/io/fits/diff.py +++ b/astropy/io/fits/diff.py	主要映射与实体astropy.io.fits.diff.TableDataDiff._diff(self)相符，所有实际编辑实体均被覆盖，且没有父类重复、上下文实体或错误归属。
B	GT-040	pydata__xarray-6938	部分正确	是	否	5	xarray.core.dataset.Dataset.swap_dims(self, dims_dict) xarray.core.variable.IndexVariable.level_names(self) xarray.core.variable.IndexVariable.name(self) xarray.core.variable.IndexVariable.name(self, value) xarray.core.variable.IndexVariable.to_index(self) xarray.core.variable.IndexVariable.to_index_variable(self) xarray.core.variable.Variable.to_base_variable(self) xarray.core.variable.Variable.to_index(self) xarray.core.variable.Variable.to_index_variable(self) xarray.core.variable.Variable.value(self)  xarray.core.variable.Variable._data_equals(self,other) --git a/xarray/core/dataset.py b/xarray/core/dataset.py --- a/xarray/core/dataset.py +++ b/xarray/core/dataset.py --git a/xarray/core/variable.py b/xarray/core/variable.py --- a/xarray/core/variable.py +++ b/xarray/core/variable.py	主要映射与xarray.core.dataset.Dataset.swap_dims(self, dims_dict) xarray.core.variable.IndexVariable.level_names(self) xarray.core.variable.IndexVariable.name(self) xarray.core.variable.IndexVariable.name(self, value) xarray.core.variable.IndexVariable.to_index(self) xarray.core.variable.IndexVariable.to_index_variable(self) xarray.core.variable.Variable.to_base_variable(self) xarray.core.variable.Variable.to_index(self) xarray.core.variable.Variable.to_index_variable(self)相符合， 但有遗漏、冗余问题。
B	GT-012	matplotlib__matplotlib-26342	部分正确	是	是	5	matplotlib.collections.Collection.set_paths(self, paths) matplotlib.collections.PathCollection.set_paths(self, paths) matplotlib.collections.Collection.put_paths(self) matplotlib.collections.Collection.get_transforms(self) --git a/lib/matplotlib/collections.py b/lib/matplotlib/collections.py --- a/lib/matplotlib/collections.py +++ b/lib/matplotlib/collections.py	映射与matplotlib.collections.Collection.set_paths(self, paths) matplotlib.collections.PathCollection.set_paths(self, paths)相符，与matplotlib.collections.PathCollection不符， 有遗漏、冗余问题。
B	GT-037	django__django-13158	部分正确	是	否	5	django.db.models.sql.query.Query.clone(self) django.db.models.sql.query.Query.set_empty(self) django.db.models.sql.query.Query.split_exclude(self, filter_expr, can_reuse, names_with_path) django.db.models.sql.query.Query.is_empty(self) --git a/django/db/models/sql/query.py b/django/db/models/sql/query.py --- a/django/db/models/sql/query.py +++ b/django/db/models/sql/query.py	映射django.db.models.sql.query.Query.clone(self) django.db.models.sql.query.Query.set_empty(self)与相符， 但有遗漏、冗余问题。
B	GT-006	django__django-16877	部分正确	是	否	4	django.template.defaultfilters.escape_filter(value) django.template.defaultfilters.escapeseq(value) django.template.defaultfilters.force_escape(value) --git a/django/template/defaultfilters.py b/django/template/defaultfilters.py --- a/django/template/defaultfilters.py +++ b/django/template/defaultfilters.py	映射与django.template.defaultfilters.escape_filter(value) django.template.defaultfilters.escapeseq(value) django.template.defaultfilters.force_escape(value)与不相符， 有遗漏、冗余问题。
B	GT-027	matplotlib__matplotlib-26208	正确	否	否	5	matplotlib.axes._base._AxesBase.twinx(self) matplotlib.axes._base._AxesBase.twiny(self) matplotlib.axes._base._AxesBase.get_shared_x_axes(self) --git a/lib/matplotlib/axes/_base.py b/lib/matplotlib/axes/_base.py --- a/lib/matplotlib/axes/_base.py +++ b/lib/matplotlib/axes/_base.py	映射matplotlib.axes._base._AxesBase.twinx(self) matplotlib.axes._base._AxesBase.twiny(self)与相符，所有实际编辑实体均被覆盖，且没有父类重复、上下文实体或错误归属。
B	GT-042	pytest-dev__pytest-8399	部分正确	是	是	59	pytest.src._pytestthon.Class._inject_setup_class_fixture(self) pytest.src._pytestthon.Class._inject_setup_method_fixture(self) pytest.src._pytestthon.Module._inject_setup_function_fixture(self) pytest.src._pytestthon.Module._inject_setup_module_fixture(self) src._pytest.unittest.cleanup(*args) --git a/src/_pytest/python.py b/src/_pytest/python.py --- a/src/_pytest/python.py +++ b/src/_pytest/python.py --git a/src/_pytest/unittest.py b/src/_pytest/unittest.py --- a/src/_pytest/unittest.py +++ b/src/_pytest/unittest.py	映射与pytest.src._pytestthon.Class._inject_setup_class_fixture(self) pytest.src._pytestthon.Class._inject_setup_method_fixture(self) pytest.src._pytestthon.Module._inject_setup_function_fixture(self) pytest.src._pytestthon.Module._inject_setup_module_fixture(self)， src._pytest.unittest._make_xunit_fixture(obj, setup_name, teardown_name, cleanup_name, scope, pass_self)与不相符，有遗漏、冗余问题
B	GT-028	mwaskom__seaborn-3187	错误	是	是	5	seaborn._core.scales.spacer(x) seaborn.utils.get_view_interval(self) --git a/seaborn/_core/scales.py b/seaborn/_core/scales.py --- a/seaborn/_core/scales.py +++ b/seaborn/_core/scales.py --git a/seaborn/utils.py b/seaborn/utils.py --- a/seaborn/utils.py +++ b/seaborn/utils.py	主要映射与seaborn._core.scales.spacer(x) seaborn.utils.get_view_interval(self)严重不符
B	GT-025	astropy__astropy-14598	正确	否	否	5	astropy.io.fits.card.Card._split(self) astropy.io.fits.card.Card._strg_comment_RE = re.compile(f"({_strg})? *{_comm_field}?") --git a/astropy/io/fits/card.py b/astropy/io/fits/card.py --- a/astropy/io/fits/card.py +++ b/astropy/io/fits/card.py	主要映射与astropy.io.fits.card.Card._split(self) astropy.io.fits.card.Card._strg_comment_RE = re.compile(f"({_strg})? *{_comm_field}?")相符，所有实际编辑实体均被覆盖，且没有父类重复、上下文实体或错误归属。
B	GT-004	django__django-13569	错误	是	否	5	django.db.models.functions.math.as_oracle(self, compiler, connection, **extra_context) django.db.models.functions.math.as_sqlite(self, compiler, connection, **extra_context) django.db.models.functions.math.get_group_by_cols(self, alias=None) django.db.models.functions.math.Round(Transform) --git a/django/db/models/functions/math.py b/django/db/models/functions/math.py --- a/django/db/models/functions/math.py +++ b/django/db/models/functions/math.py	映射与django.db.models.functions.math.as_oracle(self, compiler, connection, **extra_context) django.db.models.functions.math.as_sqlite(self, compiler, connection, **extra_context) django.db.models.functions.math.get_group_by_cols(self, alias=None)实际不符
B	GT-024	sphinx-doc__sphinx-9229	部分正确	是	是	5	sphinx.ext.autodoc.__init__.ClassDocumenter.get_object_members(self, want_all) sphinx.ext.autodoc.__init__.ClassDocumenter.add_content(self, more_content, no_docstring) sphinx.ext.autodoc.__init__.ClassDocumenter.get_doc(self, ignore) --git a/sphinx/ext/autodoc/__init__.py b/sphinx/ext/autodoc/__init__.py --- a/sphinx/ext/autodoc/__init__.py +++ b/sphinx/ext/autodoc/__init__.py	映射与sphinx.ext.autodoc.__init__.ClassDocumenter.add_content(self, more_content, no_docstring) sphinx.ext.autodoc.__init__.ClassDocumenter.get_doc(self, ignore)相符，与sphinx.ext.autodoc.__init__.ClassDocumenter实际不符，有遗漏、冗余问题。
B	GT-041	pylint-dev__pylint-4551	正确	否	否	5	pylintreverse.diagrams.ClassDiagram.class_names(self, nodes) pylintreverse.inspector.Linker.handle_assignattr_type(node, parent) pylintreverse.inspector.Linker.visit_assignname(self, node) pylintreverse.utils.LocalsVisitor.visit(self, node) pylintreverse.writer.DotWriter.get_values(self, obj) --git a/pylint/pyreverse/diagrams.py b/pylint/pyreverse/diagrams.py --- a/pylint/pyreverse/diagrams.py +++ b/pylint/pyreverse/diagrams.py --git a/pylint/pyreverse/inspector.py b/pylint/pyreverse/inspector.py --- a/pylint/pyreverse/inspector.py +++ b/pylint/pyreverse/inspector.py --git a/pylint/pyreverse/utils.py b/pylint/pyreverse/utils.py --- a/pylint/pyreverse/utils.py +++ b/pylint/pyreverse/utils.py --git a/pylint/pyreverse/writer.py b/pylint/pyreverse/writer.py --- a/pylint/pyreverse/writer.py +++ b/pylint/pyreverse/writer.py	映射与pylintreverse.diagrams.ClassDiagram.class_names(self, nodes) pylintreverse.inspector.Linker.handle_assignattr_type(node, parent) pylintreverse.inspector.Linker.visit_assignname(self, node) pylintreverse.utils.LocalsVisitor.visit(self, node) pylintreverse.writer.DotWriter.get_values(self, obj)相符，所有实际编辑实体均被覆盖，且没有父类重复、上下文实体或错误归属。
B	GT-009	django__django-13346	错误	是	否	3	django.db.models.fields.json.as_sqlite(self, compiler, connection) django.db.models.fields.json.process_rhs(self, compiler, connection) django.db.models.fields.json.KeyTransformIn(lookups.In) django.db.models.fields.json.KeyTransformExact(JSONExact) --git a/django/db/models/fields/json.py b/django/db/models/fields/json.py --- a/django/db/models/fields/json.py +++ b/django/db/models/fields/json.py	映射与django.db.models.fields.json.as_sqlite(self, compiler, connection) django.db.models.fields.json.process_rhs(self, compiler, connection) django.db.models.fields.json.KeyTransformIn(lookups.In) django.db.models.fields.json.KeyTransformExact(JSONExact)不相符
B	GT-048	pydata__xarray-4695	部分正确	是	否	5	xarray.core.dataarray._LocIndexer.__getitem__(self, key) xarray.core.dataarray._LocIndexer.__setitem__(self, key, value) --git a/xarray/core/dataarray.py b/xarray/core/dataarray.py --- a/xarray/core/dataarray.py +++ b/xarray/core/dataarray.py	映射与xarray.core.dataarray._LocIndexer.__getitem__(self, key)相符，有遗漏问题。
B	GT-030	pydata__xarray-3993	部分正确	是	否	5	xarray.core.dataarray.DataArray.integrate(self, dim, datetime_unit) xarray.core.dataset.Dataset.integrate(self, coord, datetime_unit) xarray.core.dataset.Dataset.differentiate(self, coord, edge_order, datetime_unit) xarray.core.dataarray.DataArray.differentiate() --git a/xarray/core/dataarray.py b/xarray/core/dataarray.py --- a/xarray/core/dataarray.py +++ b/xarray/core/dataarray.py --git a/xarray/core/dataset.py b/xarray/core/dataset.py --- a/xarray/core/dataset.py +++ b/xarray/core/dataset.py	映射与xarray.core.dataarray.DataArray.integrate(self, dim, datetime_unit) xarray.core.dataset.Dataset.integrate(self, coord, datetime_unit)相符，但遗漏xarray.core.dataset.Dataset.differentiate(self, coord, edge_order, datetime_unit) xarray.core.dataarray.DataArray.differentiate()
B	GT-060	pytest-dev__pytest-7571	正确	否	否	5	pytest.src._pytest.logging.LogCaptureFixture.__init__(self, item) pytest.src._pytest.logging.LogCaptureFixture._finalize(self) pytest.src._pytest.logging.LogCaptureFixture.set_level(self, level, logger) --git a/src/_pytest/logging.py b/src/_pytest/logging.py --- a/src/_pytest/logging.py +++ b/src/_pytest/logging.py	映射与pytest.src._pytest.logging.LogCaptureFixture.__init__(self, item) pytest.src._pytest.logging.LogCaptureFixture._finalize(self) pytest.src._pytest.logging.LogCaptureFixture.set_level(self, level, logger)相符，无遗漏多余实体
B	GT-047	psf__requests-1724	正确	否	否	5	requests.sessions.Session.request(self, method, url, params, data, headers, cookies, files, auth, timeout, allow_redirects, proxies, hooks, stream, verify, cert) --git a/requests/sessions.py b/requests/sessions.py --- a/requests/sessions.py +++ b/requests/sessions.py	映射与requests.sessions.Session.request(self, method, url, params, data, headers, cookies, files, auth, timeout, allow_redirects, proxies, hooks, stream, verify, cert)相符，无遗漏多余实体
B	GT-023	scikit-learn__scikit-learn-12682	正确	否	否	5	examples.decomposition.plot_sparse_coding.ricker_function(resolution, center, width) scikit-learn.sklearn.decomposition.dict_learning.DictionaryLearning.__init__(self, n_components, alpha, max_iter, tol, fit_algorithm, transform_algorithm, transform_n_nonzero_coefs, transform_alpha, n_jobs, code_init, dict_init, verbose, split_sign, random_state, positive_code, positive_dict) scikit-learn.sklearn.decomposition.dict_learning.DictionaryLearning.fit(self, X, y) scikit-learn.sklearn.decomposition.dict_learning.MiniBatchDictionaryLearning.__init__(self, n_components, alpha, n_iter, fit_algorithm, n_jobs, batch_size, shuffle, dict_init, transform_algorithm, transform_n_nonzero_coefs, transform_alpha, verbose, split_sign, random_state, positive_code, positive_dict) scikit-learn.sklearn.decomposition.dict_learning.MiniBatchDictionaryLearning.fit(self, X, y) scikit-learn.sklearn.decomposition.dict_learning.MiniBatchDictionaryLearning.partial_fit(self, X, y, iter_offset) scikit-learn.sklearn.decomposition.dict_learning.SparseCoder.__init__(self, dictionary, transform_algorithm, transform_n_nonzero_coefs, transform_alpha, split_sign, n_jobs, positive_code) scikit-learn.sklearn.decomposition.dict_learning.SparseCodingMixin._set_sparse_coding_params(self, n_components, transform_algorithm, transform_n_nonzero_coefs, transform_alpha, split_sign, n_jobs, positive_code) scikit-learn.sklearn.decomposition.dict_learning.SparseCodingMixin.transform(self, X) sklearn.decomposition.dict_learning._sparse_encode(X, dictionary, gram, cov, algorithm, regularization, copy_cov, init, max_iter, check_input, verbose, positive) sklearn.decomposition.dict_learning.dict_learning(X, n_components, alpha, max_iter, tol, method, n_jobs, dict_init, code_init, callback, verbose, random_state, return_n_iter, positive_dict, positive_code) sklearn.decomposition.dict_learning.dict_learning_online(X, n_components, alpha, n_iter, return_code, dict_init, callback, batch_size, verbose, shuffle, n_jobs, method, iter_offset, random_state, return_inner_stats, inner_stats, return_n_iter, positive_dict, positive_code) sklearn.decomposition.dict_learning.sparse_encode(X, dictionary, gram, cov, algorithm, n_nonzero_coefs, alpha, copy_cov, init, max_iter, n_jobs, check_input, verbose, positive) scikit-learn.sklearn.decomposition.dict_learning.DictionaryLearning scikit-learn.sklearn.decomposition.dict_learning.MiniBatchDictionaryLearning scikit-learn.sklearn.decomposition.dict_learning.SparseCoder --git a/examples/decomposition/plot_sparse_coding.py b/examples/decomposition/plot_sparse_coding.py --- a/examples/decomposition/plot_sparse_coding.py +++ b/examples/decomposition/plot_sparse_coding.py --git a/sklearn/decomposition/dict_learning.py b/sklearn/decomposition/dict_learning.py --- a/sklearn/decomposition/dict_learning.py +++ b/sklearn/decomposition/dict_learning.py	映射与实际编辑实体均被覆盖，且没有父类重复、上下文实体或错误归属
B	GT-013	pydata__xarray-3095	正确	否	否	5	xarray.core.indexing.PandasIndexAdapter.__array__(self, dtype) xarray.core.indexing.PandasIndexAdapter.__getitem__(self, indexer) xarray.core.indexing.PandasIndexAdapter.__init__(self, array, dtype) xarray.core.indexing.PandasIndexAdapter.__repr__(self) xarray.core.indexing.PandasIndexAdapter.dtype(self) xarray.core.indexing.PandasIndexAdapter.shape(self) xarray.core.indexing.PandasIndexAdapter.transpose(self, order) xarray.core.variable.IndexVariable.copy(self, deep, data) xarray.core.indexing.PandasIndexAdapter --git a/xarray/core/indexing.py b/xarray/core/indexing.py --- a/xarray/core/indexing.py +++ b/xarray/core/indexing.py --git a/xarray/core/variable.py b/xarray/core/variable.py --- a/xarray/core/variable.py +++ b/xarray/core/variable.py	映射与xarray.core.indexing.PandasIndexAdapter.__array__(self, dtype) xarray.core.indexing.PandasIndexAdapter.__getitem__(self, indexer) xarray.core.indexing.PandasIndexAdapter.__init__(self, array, dtype) xarray.core.indexing.PandasIndexAdapter.__repr__(self) xarray.core.indexing.PandasIndexAdapter.dtype(self) xarray.core.indexing.PandasIndexAdapter.shape(self) xarray.core.indexing.PandasIndexAdapter.transpose(self, order) xarray.core.variable.IndexVariable.copy(self, deep, data) xarray.core.indexing.PandasIndexAdapter实际编辑实体均被覆盖，且没有父类重复、上下文实体或错误归属
B	GT-021	matplotlib__matplotlib-26466	部分正确	是	是	5	matplotlib.text.OffsetFrom.__call__(self, renderer) matplotlib.text.OffsetFrom.__init__(self, artist, ref_coord, unit) matplotlib.text.OffsetFrom._get_scale(self, renderer) matplotlib.text._AnnotationBase.__init__(self, xy, xycoords, annotation_clip) matplotlib.text.OffsetFrom.get_unit(self) matplotlib.text.OffsetFrom.set_unit(self, unit) --git a/lib/matplotlib/text.py b/lib/matplotlib/text.py --- a/lib/matplotlib/text.py +++ b/lib/matplotlib/text.py	映射与matplotlib.text.OffsetFrom.__call__(self, renderer) matplotlib.text.OffsetFrom.__init__(self, artist, ref_coord, unit) matplotlib.text.OffsetFrom._get_scale(self, renderer) matplotlib.text._AnnotationBase.__init__(self, xy, xycoords, annotation_clip)相符，但存在遗漏问题。
B	GT-053	sympy__sympy-22080	部分正确	是	否	5	sympy.printing.codeprinter.CodePrinter._print_Mul(self, expr) sympy.printing.codeprinter.CodePrinter.requires sympy.printing.precedence.PRECEDENCE_VALUES = { "Equivalent": PRECEDENCE["Xor"], "Xor": PRECEDENCE["Xor"], "Implies": PRECEDENCE["Xor"], "Or": PRECEDENCE["Or"], "And": PRECEDENCE["And"], "Add": PRECEDENCE["Add"], "Pow": PRECEDENCE["Pow"], "Relational": PRECEDENCE["Relational"], "Sub": PRECEDENCE["Add"], "Not": PRECEDENCE["Not"], "Function" : PRECEDENCE["Func"], "NegativeInfinity": PRECEDENCE["Add"], "MatAdd": PRECEDENCE["Add"], "MatPow": PRECEDENCE["Pow"], "MatrixSolve": PRECEDENCE["Mul"], "TensAdd": PRECEDENCE[... --git a/sympy/printing/codeprinter.py b/sympy/printing/codeprinter.py --- a/sympy/printing/codeprinter.py +++ b/sympy/printing/codeprinter.py --git a/sympy/printing/precedence.py b/sympy/printing/precedence.py --- a/sympy/printing/precedence.py +++ b/sympy/printing/precedence.py	映射与sympy.printing.codeprinter.CodePrinter._print_Mul(self, expr)相符，但有遗漏。
B	GT-016	scikit-learn__scikit-learn-14629	部分正确	是	否	5	scikit-learn.sklearn.multioutput._BaseChain.fit(self, X, Y) scikit-learn.sklearn.multioutput.predict_proba(self, X) scikit-learn.sklearn.multioutput.__init__(self, estimator, n_jobs) scikit-learn.sklearn.multioutput.fit(self, X, Y, sample_weight) scikit-learn.sklearn.multioutput.MultiOutputClassifier --git a/sklearn/multioutput.py b/sklearn/multioutput.py --- a/sklearn/multioutput.py +++ b/sklearn/multioutput.py	映射与scikit-learn.sklearn.multioutput._BaseChain.fit(self, X, Y)相符，但有遗漏。
B	GT-050	pytest-dev__pytest-5809	正确	否	否	5	src._pytest.pastebin.create_new_paste(contents) --git a/src/_pytest/pastebin.py b/src/_pytest/pastebin.py --- a/src/_pytest/pastebin.py +++ b/src/_pytest/pastebin.py	映射与src._pytest.pastebin.create_new_paste(contents)实际编辑实体均被覆盖，且没有父类重复、上下文实体或错误归属
B	GT-014	pylint-dev__pylint-6528	部分正确	是	否	5	pylint.lint.expand_modules.expand_modules(files_or_modules, ignore_list, ignore_list_re, ignore_list_paths_re) pylint.lintlinter.PyLinter._discover_files(files_or_modules) pylint.lint.expand_modules._is_in_ignore_list_re(element, ignore_list_re) pylint.lint.expand_modules._is_ignored_file(element,ignore_list,ignore_list_re,ignore_list_paths_re,) pylint.lintlinter.PyLinter.initialize(self) --git a/pylint/lint/expand_modules.py b/pylint/lint/expand_modules.py --- a/pylint/lint/expand_modules.py +++ b/pylint/lint/expand_modules.py --git a/pylint/lint/pylinter.py b/pylint/lint/pylinter.py --- a/pylint/lint/pylinter.py +++ b/pylint/lint/pylinter.py	映射与pylint.lint.expand_modules.expand_modules(files_or_modules, ignore_list, ignore_list_re, ignore_list_paths_re) pylint.lintlinter.PyLinter._discover_files(files_or_modules)相符，但有遗漏。
B	GT-029	psf__requests-2931	正确	否	否	5	requests.models.PreparedRequest.prepare_url(self, url, params) requests.models.RequestEncodingMixin._encode_params(data)	映射与requests.models.PreparedRequest.prepare_url(self, url, params) requests.models.RequestEncodingMixin._encode_params(data)实际编辑实体均被覆盖，且没有父类重复、上下文实体或错误归属
B	GT-056	matplotlib__matplotlib-25311	部分正确	是	否	5	matplotlib.offsetbox.DraggableBase.__init__(self, ref_artist, use_blit) matplotlib.offsetbox.on_motion(self, evt) --git a/lib/matplotlib/offsetbox.py b/lib/matplotlib/offsetbox.py --- a/lib/matplotlib/offsetbox.py +++ b/lib/matplotlib/offsetbox.py	映射与pylint.lint.expand_modules.expand_modules(files_or_modules, ignore_list, ignore_list_re, ignore_list_paths_re) pylint.lintlinter.PyLinter._discover_files(files_or_modules)相符，但有遗漏多余实体。
B	GT-002	pylint-dev__pylint-4661	错误	是	否	3	pylint.config.__init__._get_pdata_path(base_name, recurs) --git a/pylint/config/__init__.py b/pylint/config/__init__.py --- a/pylint/config/__init__.py +++ b/pylint/config/__init__.py	主要映射与实际 pylint.config.__init__._get_pdata_path(base_name, recurs)所属实体不符。
B	GT-057	psf__requests-6028	正确	否	否	5	requests.utils.prepend_scheme_if_needed(url, new_scheme) --git a/requests/utils.py b/requests/utils.py --- a/requests/utils.py +++ b/requests/utils.py	映射与requests.utils.prepend_scheme_if_needed(url, new_scheme)实际编辑实体均被覆盖，且没有父类重复、上下文实体或错误归属
B	GT-043	astropy__astropy-14096	部分正确	是	否	5	astropy.coordinates.sky_coordinate.SkyCoord.__getattr__(self, attr) tropy.coordinates.sky_coordinate.__setattr__(self, attr, val) --git a/astropy/coordinates/sky_coordinate.py b/astropy/coordinates/sky_coordinate.py --- a/astropy/coordinates/sky_coordinate.py +++ b/astropy/coordinates/sky_coordinate.py	映射与astropy.coordinates.sky_coordinate.SkyCoord.__getattr__(self, attr)相符，但有遗漏实体。
B	GT-052	sphinx-doc__sphinx-9658	部分正确	是	否	5	sphinx.ext.autodoc.mock._MockObject.__display_name__ = _MockObject sphinx.ext.autodoc.mock._MockObject.__init__(self) sphinx.ext.autodoc.mock._make_subclass(name, module, superclass, attributes, decorator_args) sphinx.ext.autodoc.mock.__new__(cls, *args, **kwargs) sphinx.ext.autodoc.mock._MockObject --git a/sphinx/ext/autodoc/mock.py b/sphinx/ext/autodoc/mock.py --- a/sphinx/ext/autodoc/mock.py +++ b/sphinx/ext/autodoc/mock.py	映射与sphinx.ext.autodoc.mock._MockObject.__display_name__ = _MockObject sphinx.ext.autodoc.mock._MockObject.__init__(self) sphinx.ext.autodoc.mock._make_subclass(name, module, superclass, attributes, decorator_args)相符，但有遗漏实体。
B	GT-035	sympy__sympy-21930	错误	是	否	3	sympy.physics.secondquant._sortkey(cls, index) sympy.physics.secondquant._latex(self, printer) sympy.physics.secondquant.__repr__(self) --git a/sympy/physics/secondquant.py b/sympy/physics/secondquant.py --- a/sympy/physics/secondquant.py +++ b/sympy/physics/secondquant.py	主要映射与实际sympy.physics.secondquant._sortkey(cls, index) sympy.physics.secondquant._latex(self, printer) sympy.physics.secondquant.__repr__(self)所属实体不符。
B	GT-051	scikit-learn__scikit-learn-12973	部分正确	是	否	5	scikit-learn.sklearn.linear_model.least_angle.LassoLarsIC.__init__(self, criterion, fit_intercept, verbose) scikit-learn.sklearn.linear_model.least_angle.LassoLarsIC.fit(self, X, y, copy_X) --git a/sklearn/linear_model/least_angle.py b/sklearn/linear_model/least_angle.py --- a/sklearn/linear_model/least_angle.py +++ b/sklearn/linear_model/least_angle.py	映射与scikit-learn.sklearn.linear_model.least_angle.LassoLarsIC.fit(self, X, y, copy_X)相符，但有遗漏实体。
B	GT-034	sphinx-doc__sphinx-7590	部分正确	是	否	4	sphinx.domains.cpp.ASTThisLiteral._stringify(self, transform) sphinx.domains.cpp.ASTUserDefinedLiteral(ASTLiteral) sphinx.domains.cpp.ASTThisLiteral(ASTExpression) sphinx.domains.c.DefinitionParser._parse_literal(self) sphinx.domains.cpp.ASTCharLiteral.get_id(self, version) sphinx.domains.cpp.ASTIdentifier.describe_signature(self, signode, mode, env, prefix, templateArgs, symbol) sphinx.domains.cpp.ASTNumberLiteral.get_id(self, version) sphinx.domains.cpp.DefinitionParser._parse_literal(self) sphinx.util.cfamily.binary_literal_re = re.compile(r'0[bB][01][01]*') sphinx.util.cfamily.float_literal_re = re.compile(r'''(?x) [+-]?( # decimal ([0-9]+[eE][+-]?[0-9]+) | ([0-9]*\.[0-9]+([eE][+-]?[0-9]+)?) | ([0-9]+\.([eE][+-]?[0-9]+)?) # hex | (0[xX][0-9a-fA-F]+[pP][+-]?[0-9a-fA-F]+) | (0[xX][0-9a-fA-F]*\.[0-9a-fA-F]+([pP][+-]?[0-9a-fA-F]+)?) | (0[xX][0-9a-fA-F]+\.([pP][+-]?[0-9a-fA-F]+)?) ) ''') sphinx.util.cfamily.verify_description_mode(mode)	映射与sphinx.domains.c.DefinitionParser._parse_literal(self) sphinx.domains.cpp.ASTCharLiteral.get_id(self, version) sphinx.domains.cpp.ASTIdentifier.describe_signature(self, signode, mode, env, prefix, templateArgs, symbol) sphinx.domains.cpp.ASTNumberLiteral.get_id(self, version) sphinx.domains.cpp.DefinitionParser._parse_literal(self) sphinx.util.cfamily.binary_literal_re = re.compile(r'0[bB][01][01]*') sphinx.util.cfamily.float_literal_re = re.compile(r'''(?x) [+-]?( # decimal ([0-9]+[eE][+-]?[0-9]+) | ([0-9]*\.[0-9]+([eE][+-]?[0-9]+)?) | ([0-9]+\.([eE][+-]?[0-9]+)?) # hex | (0[xX][0-9a-fA-F]+[pP][+-]?[0-9a-fA-F]+) | (0[xX][0-9a-fA-F]*\.[0-9a-fA-F]+([pP][+-]?[0-9a-fA-F]+)?) | (0[xX][0-9a-fA-F]+\.([pP][+-]?[0-9a-fA-F]+)?) ) ''') sphinx.util.cfamily.verify_description_mode(mode)相符，但有遗漏实体。
B	GT-046	pallets__flask-5014	正确	否	否	5	flask.blueprints.Blueprint.__init__(self, name, import_name, static_folder, static_url_path, template_folder, url_prefix, subdomain, url_defaults, root_path, cli_group) --git a/src/flask/blueprints.py b/src/flask/blueprints.py --- a/src/flask/blueprints.py +++ b/src/flask/blueprints.py	映射与flask.blueprints.Blueprint.__init__(self, name, import_name, static_folder, static_url_path, template_folder, url_prefix, subdomain, url_defaults, root_path, cli_group)实际编辑实体均被覆盖，且没有父类重复、上下文实体或错误归属
B	GT-049	pylint-dev__pylint-6386	部分正确	是	否	5	pylint.config.utils._enable_all_extensions(run, value) pylint.config.argument._CallableArgument.__init__(self) pylint.config.arguments_manager._ArgumentsManager._add_parser_option(section_group, argument) pylint.config.utils._convert_option_to_argument(opt, optdict) pylint.config.utils._preprocess_options(run, args) pylint.lint.base_options._make_run_options(self) --git a/pylint/config/argument.py b/pylint/config/argument.py --- a/pylint/config/argument.py +++ b/pylint/config/argument.py --git a/pylint/config/arguments_manager.py b/pylint/config/arguments_manager.py --- a/pylint/config/arguments_manager.py +++ b/pylint/config/arguments_manager.py --git a/pylint/config/utils.py b/pylint/config/utils.py --- a/pylint/config/utils.py +++ b/pylint/config/utils.py --git a/pylint/lint/base_options.py b/pylint/lint/base_options.py --- a/pylint/lint/base_options.py +++ b/pylint/lint/base_options.py	映射与pylint.config.argument._CallableArgument.__init__(self) pylint.config.arguments_manager._ArgumentsManager._add_parser_option(section_group, argument) pylint.config.utils._convert_option_to_argument(opt, optdict) pylint.config.utils._preprocess_options(run, args) pylint.lint.base_options._make_run_options(self)相符，但有遗漏实体。
B	GT-032	pytest-dev__pytest-7324	部分正确	是	否	3	src._pytest.mark.expression.reject(self, expected) pytest.src._pytest.mark.expression.MatcherAdapter.__iter__(self) pytest.src._pytest.mark.expression.MatcherAdapter.__getitem__(self, key) src._pytest.mark.expression.not_expr(s) --git a/src/_pytest/mark/expression.py b/src/_pytest/mark/expression.py --- a/src/_pytest/mark/expression.py +++ b/src/_pytest/mark/expression.py	映射与pytest.src._pytest.mark.expression.MatcherAdapter.__getitem__(self, key) src._pytest.mark.expression.not_expr(s)相符，但有遗漏实体。
B	GT-019	astropy__astropy-8872	正确	否	否	5	astropy.units.quantity.Quantity.__new__(cls, value, unit, dtype, copy, order, subok, ndmin) astropy.units.quantity.Quantity --git a/astropy/units/quantity.py b/astropy/units/quantity.py --- a/astropy/units/quantity.py +++ b/astropy/units/quantity.py	映射与astropy.units.quantity.Quantity.__new__(cls, value, unit, dtype, copy, order, subok, ndmin)实际编辑实体均被覆盖，且没有父类重复、上下文实体或错误归属
B	GT-036	astropy__astropy-14365	正确	否	否	5	astropy.io.ascii.qdp._get_tables_from_qdp_file(qdp_file, input_colnames, delimiter) astropy.io.ascii.qdp._line_type(line, delimiter) --git a/astropy/io/ascii/qdp.py b/astropy/io/ascii/qdp.py --- a/astropy/io/ascii/qdp.py +++ b/astropy/io/ascii/qdp.py	映射与astropy.io.ascii.qdp._get_tables_from_qdp_file(qdp_file, input_colnames, delimiter) astropy.io.ascii.qdp._line_type(line, delimiter)实际编辑实体均被覆盖，且没有父类重复、上下文实体或错误归属
B	GT-039	mwaskom__seaborn-3069	正确	否	否	5	seaborn._core.plot.Plotter._finalize_figure(self, p) seaborn._core.plot.Plotter._setup_scales(self, p, common, layers, variables) --git a/seaborn/_core/plot.py b/seaborn/_core/plot.py --- a/seaborn/_core/plot.py +++ b/seaborn/_core/plot.py	映射与seaborn._core.plot.Plotter._finalize_figure(self, p) seaborn._core.plot.Plotter._setup_scales(self, p, common, layers, variables)实际编辑实体均被覆盖，且没有父类重复、上下文实体或错误归属
