instance_id	variant	candidate_entities	rendered_entities	source_entities	prefix_source_entities	tail_source_entities	prompt_tokens
astropy__astropy-12907	issue	4	4	3	3	0	2099
astropy__astropy-13033	issue	2	2	2	2	0	2185
astropy__astropy-13236	issue	4	4	2	2	0	2214
astropy__astropy-13398	issue	2	2	2	2	0	2760
astropy__astropy-13453	issue	5	5	4	4	0	3533
astropy__astropy-13579	issue	4	4	2	2	0	3016
astropy__astropy-13977	issue	3	3	3	3	0	2808
astropy__astropy-14096	issue	1	1	1	1	0	1328
astropy__astropy-14182	issue	7	7	4	4	0	2724
astropy__astropy-14309	issue	2	2	2	2	0	2462
astropy__astropy-14365	issue	2	2	2	2	0	1908
astropy__astropy-14369	issue	4	4	3	3	0	2199
astropy__astropy-14508	issue	5	5	2	2	0	2317
astropy__astropy-14539	issue	0	0	0	0	0	1136
astropy__astropy-14598	issue	5	5	2	2	0	2190
astropy__astropy-14995	issue	3	3	2	2	0	2041
astropy__astropy-7166	issue	2	2	2	2	0	1832
astropy__astropy-7336	issue	1	1	1	1	0	1830
astropy__astropy-7606	issue	1	1	1	1	0	1191
astropy__astropy-7671	issue	1	1	1	1	0	1697
astropy__astropy-8707	issue	4	4	3	3	0	1947
astropy__astropy-8872	issue	2	2	2	2	0	1753
django__django-10097	issue	1	1	1	1	0	1903
django__django-10554	issue	10	10	4	4	0	3164
django__django-10880	issue	4	4	4	4	0	1900
django__django-10914	issue	8	8	4	4	0	2887
django__django-10973	issue	4	4	2	2	0	1638
django__django-10999	issue	1	1	1	1	0	1236
django__django-11066	issue	1	1	1	1	0	1561
django__django-11087	issue	7	7	4	4	0	3400
django__django-11095	issue	4	4	2	2	0	1243
django__django-11099	issue	0	0	0	0	0	861
django__django-11119	issue	4	4	2	2	0	1938
django__django-11133	issue	4	4	3	3	0	2015
django__django-11138	issue	9	9	4	4	0	2501
django__django-11141	issue	6	6	3	3	0	2169
django__django-11149	issue	9	9	2	2	0	1736
django__django-11163	issue	1	1	1	1	0	1068
django__django-11179	issue	3	3	3	3	0	1931
django__django-11206	issue	1	1	1	1	0	1348
django__django-11211	issue	7	7	4	4	0	2045
django__django-11239	issue	2	2	2	2	0	1539
django__django-11265	issue	10	10	4	4	0	3352
django__django-11276	issue	9	9	4	4	0	1965
django__django-11292	issue	8	8	4	4	0	2526
django__django-11299	issue	2	2	2	2	0	2179
django__django-11333	issue	6	6	4	4	0	1899
django__django-11400	issue	2	2	2	2	0	1866
django__django-11433	issue	8	8	4	4	0	2252
django__django-11451	issue	1	1	1	1	0	1607
django__django-11477	issue	6	6	4	4	0	1905
django__django-11490	issue	9	9	4	4	0	2651
django__django-11532	issue	4	4	2	2	0	2185
django__django-11551	issue	2	2	2	2	0	2413
django__django-11555	issue	5	5	4	4	0	2181
django__django-11603	issue	0	0	0	0	0	772
django__django-11728	issue	0	0	0	0	0	807
django__django-11734	issue	8	8	4	4	0	2941
django__django-11740	issue	7	7	4	4	0	2797
django__django-11749	issue	2	2	2	2	0	1663
django__django-11790	issue	6	6	4	4	0	2402
django__django-11815	issue	1	1	1	1	0	1234
django__django-11820	issue	5	5	4	4	0	2069
django__django-11848	issue	1	1	1	1	0	1257
django__django-11880	issue	0	0	0	0	0	955
django__django-11885	issue	7	7	4	4	0	2694
django__django-11951	issue	0	0	0	0	0	845
django__django-11964	issue	0	0	0	0	0	1208
django__django-11999	issue	3	3	3	3	0	1615
django__django-12039	issue	5	5	3	3	0	1966
django__django-12050	issue	4	4	4	4	0	1899
django__django-12125	issue	8	8	4	4	0	2299
django__django-12143	issue	1	1	1	1	0	1204
django__django-12155	issue	1	1	1	1	0	1116
django__django-12193	issue	5	5	4	4	0	2395
django__django-12209	issue	0	0	0	0	0	960
django__django-12262	issue	4	4	2	2	0	1917
django__django-12273	issue	7	7	2	2	0	2096
django__django-12276	issue	2	2	2	2	0	1894
django__django-12304	issue	0	0	0	0	0	815
django__django-12308	issue	6	6	4	4	0	2146
django__django-12325	issue	6	6	4	4	0	2813
django__django-12406	issue	10	10	4	4	0	2713
django__django-12419	issue	3	3	2	2	0	1843
django__django-12663	issue	3	3	3	3	0	2263
django__django-12708	issue	6	6	4	4	0	2147
django__django-12713	issue	4	4	3	3	0	1931
django__django-12741	issue	2	2	2	2	0	1286
django__django-12754	issue	8	8	4	4	0	2296
django__django-12774	issue	0	0	0	0	0	977
django__django-12858	issue	6	6	4	4	0	2480
django__django-12965	issue	6	6	4	4	0	3122
django__django-13012	issue	7	7	4	4	0	2262
django__django-13023	issue	2	2	2	2	0	1449
django__django-13028	issue	2	2	2	2	0	1937
django__django-13033	issue	8	8	4	4	0	3349
django__django-13089	issue	1	1	1	1	0	1371
django__django-13109	issue	1	1	1	1	0	1380
django__django-13112	issue	10	10	4	4	0	3311
django__django-13121	issue	7	7	4	4	0	2068
django__django-13128	issue	6	6	2	2	0	1743
django__django-13158	issue	10	10	4	4	0	2342
django__django-13195	issue	1	1	1	1	0	1458
django__django-13212	issue	2	2	2	2	0	1768
django__django-13279	issue	5	5	3	3	0	1397
django__django-13297	issue	11	11	5	4	1	2926
django__django-13315	issue	8	8	4	4	0	2676
django__django-13343	issue	4	4	2	2	0	2049
django__django-13344	issue	6	6	4	4	0	2665
django__django-13346	issue	5	5	4	4	0	2144
django__django-13363	issue	2	2	2	2	0	1479
django__django-13401	issue	3	3	2	2	0	1268
django__django-13406	issue	7	7	4	4	0	2903
django__django-13410	issue	0	0	0	0	0	1048
django__django-13417	issue	8	8	4	4	0	2181
django__django-13449	issue	1	1	1	1	0	2366
django__django-13512	issue	7	7	4	4	0	2658
django__django-13513	issue	1	1	1	1	0	1714
django__django-13516	issue	6	6	4	4	0	2276
django__django-13551	issue	5	5	3	3	0	2235
django__django-13568	issue	1	1	1	1	0	1617
django__django-13569	issue	4	4	3	3	0	2350
django__django-13590	issue	1	1	1	1	0	1107
django__django-13658	issue	1	1	1	1	0	1158
django__django-13670	issue	2	2	2	2	0	1768
django__django-13741	issue	2	2	2	2	0	1418
django__django-13786	issue	2	2	2	2	0	1891
django__django-13794	issue	4	4	4	4	0	1656
django__django-13807	issue	1	1	1	1	0	1503
django__django-13809	issue	10	10	4	4	0	2802
django__django-13810	issue	3	3	2	2	0	2202
django__django-13820	issue	1	1	1	1	0	1746
django__django-13821	issue	0	0	0	0	0	840
django__django-13837	issue	1	1	1	1	0	1515
django__django-13925	issue	11	11	5	5	0	3717
django__django-13933	issue	4	4	2	2	0	1999
django__django-13964	issue	6	6	4	4	0	2576
django__django-14007	issue	8	8	4	4	0	2972
django__django-14011	issue	4	4	2	2	0	1856
django__django-14017	issue	4	4	2	2	0	2231
django__django-14034	issue	0	0	0	0	0	1006
django__django-14053	issue	8	8	4	4	0	3105
django__django-14089	issue	0	0	0	0	0	762
django__django-14122	issue	7	7	4	4	0	2388
django__django-14140	issue	1	1	1	1	0	1666
django__django-14155	issue	2	2	1	1	0	1338
django__django-14170	issue	0	0	0	0	0	1119
django__django-14238	issue	3	3	2	2	0	2118
django__django-14311	issue	3	3	2	2	0	1612
django__django-14315	issue	6	6	4	4	0	2354
django__django-14349	issue	2	2	2	2	0	2247
django__django-14351	issue	7	7	4	4	0	3619
django__django-14373	issue	1	1	1	1	0	1386
django__django-14376	issue	1	1	1	1	0	1362
django__django-14404	issue	0	0	0	0	0	772
django__django-14434	issue	6	6	3	3	0	1892
django__django-14493	issue	1	1	1	1	0	1614
django__django-14500	issue	9	9	4	4	0	2410
django__django-14534	issue	1	1	1	1	0	1435
django__django-14539	issue	3	3	2	2	0	1721
django__django-14559	issue	2	2	2	2	0	1632
django__django-14580	issue	7	7	4	4	0	2504
django__django-14608	issue	7	7	4	4	0	2054
django__django-14631	issue	2	2	2	2	0	1479
django__django-14672	issue	0	0	0	0	0	1902
django__django-14725	issue	14	14	7	3	4	3149
django__django-14752	issue	1	1	1	1	0	1812
django__django-14765	issue	3	3	3	3	0	1585
django__django-14771	issue	4	4	2	2	0	1793
django__django-14787	issue	1	1	1	1	0	1320
django__django-14792	issue	6	6	4	4	0	1904
django__django-14855	issue	3	3	3	3	0	2113
django__django-14915	issue	4	4	2	2	0	1784
django__django-14999	issue	6	6	3	3	0	2006
django__django-15022	issue	6	6	4	4	0	2221
django__django-15037	issue	9	9	4	4	0	2574
django__django-15098	issue	6	6	4	4	0	2536
django__django-15103	issue	2	2	2	2	0	1121
django__django-15104	issue	2	2	2	2	0	2363
django__django-15127	issue	2	2	2	2	0	1221
django__django-15128	issue	9	9	3	3	0	2748
django__django-15161	issue	0	0	0	0	0	793
django__django-15252	issue	8	8	4	4	0	2804
django__django-15268	issue	7	7	4	4	0	2657
django__django-15277	issue	2	2	2	2	0	2350
django__django-15278	issue	8	8	4	4	0	2314
django__django-15280	issue	11	11	5	5	0	3370
django__django-15315	issue	3	3	2	2	0	1240
django__django-15368	issue	1	1	1	1	0	1651
django__django-15375	issue	6	6	4	4	0	2592
django__django-15380	issue	3	3	2	2	0	2224
django__django-15382	issue	7	7	4	4	0	2084
django__django-15467	issue	1	1	1	1	0	1218
django__django-15499	issue	8	8	3	3	0	2361
django__django-15503	issue	4	4	2	2	0	1873
django__django-15525	issue	6	6	4	4	0	3051
django__django-15554	issue	7	7	4	4	0	2340
django__django-15561	issue	6	6	4	4	0	2604
django__django-15563	issue	11	11	5	4	1	2809
django__django-15569	issue	1	1	1	1	0	1469
django__django-15572	issue	5	5	4	4	0	2184
django__django-15629	issue	10	10	4	4	0	3377
django__django-15695	issue	3	3	2	2	0	1872
django__django-15731	issue	0	0	0	0	0	949
django__django-15732	issue	6	6	4	4	0	1838
django__django-15741	issue	7	7	4	4	0	2068
django__django-15814	issue	3	3	3	3	0	2464
django__django-15851	issue	0	0	0	0	0	844
django__django-15863	issue	3	3	3	3	0	2151
django__django-15916	issue	2	2	2	2	0	1890
django__django-15930	issue	5	5	4	4	0	2555
django__django-15957	issue	8	8	4	4	0	2679
django__django-15973	issue	12	12	6	5	1	3924
django__django-15987	issue	2	2	2	2	0	1268
django__django-16032	issue	8	8	4	4	0	2517
django__django-16082	issue	3	3	2	2	0	1575
django__django-16100	issue	4	4	3	3	0	1971
django__django-16116	issue	4	4	4	4	0	2556
django__django-16136	issue	4	4	3	3	0	2353
django__django-16139	issue	1	1	1	1	0	1331
django__django-16145	issue	2	2	1	1	0	1579
django__django-16255	issue	1	1	1	1	0	1797
django__django-16256	issue	2	2	2	2	0	2393
django__django-16263	issue	9	9	4	4	0	1923
django__django-16315	issue	3	3	3	3	0	2163
django__django-16333	issue	2	2	2	2	0	1640
django__django-16429	issue	1	1	1	1	0	1523
django__django-16454	issue	2	2	1	1	0	1555
django__django-16485	issue	2	2	2	2	0	1739
django__django-16493	issue	2	2	1	1	0	1628
django__django-16502	issue	4	4	3	3	0	2505
django__django-16527	issue	1	1	1	1	0	1342
django__django-16560	issue	5	5	3	3	0	2340
django__django-16569	issue	1	1	1	1	0	1388
django__django-16595	issue	4	4	4	4	0	2713
django__django-16612	issue	1	1	1	1	0	1095
django__django-16631	issue	11	11	5	4	1	2952
django__django-16642	issue	4	4	3	3	0	1888
django__django-16661	issue	4	4	4	4	0	2125
django__django-16662	issue	4	4	2	2	0	1782
django__django-16667	issue	1	1	1	1	0	1922
django__django-16801	issue	6	6	4	4	0	2494
django__django-16819	issue	5	5	4	4	0	2346
django__django-16877	issue	4	4	4	4	0	1377
django__django-16899	issue	7	7	3	3	0	1793
django__django-16901	issue	2	2	2	2	0	2009
django__django-16938	issue	7	7	4	4	0	3533
django__django-16950	issue	8	8	4	4	0	2402
django__django-17029	issue	2	2	2	2	0	1458
django__django-17084	issue	6	6	4	4	0	2264
django__django-17087	issue	5	5	4	4	0	2603
django__django-7530	issue	5	5	4	4	0	2465
django__django-9296	issue	0	0	0	0	0	785
matplotlib__matplotlib-13989	issue	1	1	1	1	0	1953
matplotlib__matplotlib-14623	issue	6	6	4	4	0	2717
matplotlib__matplotlib-20488	issue	6	6	4	4	0	3141
matplotlib__matplotlib-20676	issue	3	3	1	1	0	2016
matplotlib__matplotlib-20826	issue	6	6	4	4	0	2515
matplotlib__matplotlib-20859	issue	2	2	2	2	0	2556
matplotlib__matplotlib-21568	issue	5	5	4	4	0	2503
matplotlib__matplotlib-22719	issue	0	0	0	0	0	1893
matplotlib__matplotlib-22865	issue	4	4	2	2	0	1638
matplotlib__matplotlib-22871	issue	0	0	0	0	0	1077
matplotlib__matplotlib-23299	issue	0	0	0	0	0	1166
matplotlib__matplotlib-23314	issue	0	0	0	0	0	923
matplotlib__matplotlib-23412	issue	8	8	4	4	0	2684
matplotlib__matplotlib-23476	issue	7	7	4	4	0	3344
matplotlib__matplotlib-24026	issue	0	0	0	0	0	1322
matplotlib__matplotlib-24149	issue	3	3	3	3	0	2703
matplotlib__matplotlib-24177	issue	6	6	4	4	0	3108
matplotlib__matplotlib-24570	issue	0	0	0	0	0	1081
matplotlib__matplotlib-24627	issue	5	5	4	4	0	1732
matplotlib__matplotlib-24637	issue	8	8	4	4	0	2973
matplotlib__matplotlib-24870	issue	7	7	4	4	0	2640
matplotlib__matplotlib-24970	issue	1	1	1	1	0	1645
matplotlib__matplotlib-25122	issue	1	1	1	1	0	1808
matplotlib__matplotlib-25287	issue	0	0	0	0	0	1240
matplotlib__matplotlib-25311	issue	1	1	1	1	0	1247
matplotlib__matplotlib-25332	issue	5	5	4	4	0	2167
matplotlib__matplotlib-25479	issue	11	11	5	4	1	4105
matplotlib__matplotlib-25775	issue	7	7	4	4	0	2751
matplotlib__matplotlib-25960	issue	3	3	3	3	0	2181
matplotlib__matplotlib-26113	issue	0	0	0	0	0	1893
matplotlib__matplotlib-26208	issue	8	8	4	4	0	2941
matplotlib__matplotlib-26291	issue	0	0	0	0	0	1698
matplotlib__matplotlib-26342	issue	0	0	0	0	0	845
matplotlib__matplotlib-26466	issue	0	0	0	0	0	1113
mwaskom__seaborn-3069	issue	5	5	4	4	0	2667
mwaskom__seaborn-3187	issue	4	4	2	2	0	2316
pallets__flask-5014	issue	0	0	0	0	0	742
psf__requests-1142	issue	6	6	4	4	0	2198
psf__requests-1724	issue	5	5	4	4	0	3164
psf__requests-1766	issue	2	2	1	1	0	1613
psf__requests-1921	issue	9	9	4	4	0	2292
psf__requests-2317	issue	3	3	3	3	0	2034
psf__requests-2931	issue	6	6	3	3	0	1778
psf__requests-5414	issue	3	3	2	2	0	2311
psf__requests-6028	issue	5	5	4	4	0	2389
pydata__xarray-2905	issue	5	5	3	3	0	2480
pydata__xarray-3095	issue	7	7	4	4	0	3203
pydata__xarray-3151	issue	4	4	2	2	0	2516
pydata__xarray-3305	issue	4	4	4	4	0	2864
pydata__xarray-3677	issue	5	5	3	3	0	2411
pydata__xarray-3993	issue	2	2	2	2	0	1774
pydata__xarray-4075	issue	4	4	1	1	0	2333
pydata__xarray-4094	issue	5	5	4	4	0	3044
pydata__xarray-4356	issue	2	2	2	2	0	1420
pydata__xarray-4629	issue	1	1	1	1	0	1916
pydata__xarray-4687	issue	3	3	3	3	0	2759
pydata__xarray-4695	issue	3	3	3	3	0	2449
pydata__xarray-4966	issue	3	3	3	3	0	2937
pydata__xarray-6461	issue	1	1	1	1	0	1450
pydata__xarray-6599	issue	4	4	4	4	0	2650
pydata__xarray-6721	issue	6	6	4	4	0	2687
pydata__xarray-6744	issue	2	2	2	2	0	1724
pydata__xarray-6938	issue	4	4	3	3	0	2680
pydata__xarray-6992	issue	7	7	2	2	0	2236
pydata__xarray-7229	issue	7	7	4	4	0	3136
pydata__xarray-7233	issue	6	6	4	4	0	3146
pydata__xarray-7393	issue	7	7	4	4	0	3311
pylint-dev__pylint-4551	issue	6	6	4	4	0	2539
pylint-dev__pylint-4604	issue	6	6	2	2	0	2017
pylint-dev__pylint-4661	issue	0	0	0	0	0	914
pylint-dev__pylint-4970	issue	4	4	3	3	0	2078
pylint-dev__pylint-6386	issue	2	2	2	2	0	1939
pylint-dev__pylint-6528	issue	0	0	0	0	0	1255
pylint-dev__pylint-6903	issue	1	1	1	1	0	1958
pylint-dev__pylint-7080	issue	4	4	4	4	0	3181
pylint-dev__pylint-7277	issue	0	0	0	0	0	981
pylint-dev__pylint-8898	issue	3	3	3	3	0	2119
pytest-dev__pytest-10051	issue	4	4	1	1	0	1937
pytest-dev__pytest-10081	issue	8	8	4	4	0	3479
pytest-dev__pytest-10356	issue	4	4	4	4	0	2906
pytest-dev__pytest-5262	issue	0	0	0	0	0	1869
pytest-dev__pytest-5631	issue	0	0	0	0	0	1329
pytest-dev__pytest-5787	issue	0	0	0	0	0	1528
pytest-dev__pytest-5809	issue	1	1	1	1	0	1270
pytest-dev__pytest-5840	issue	6	6	4	4	0	1956
pytest-dev__pytest-6197	issue	9	9	4	4	0	3108
pytest-dev__pytest-6202	issue	4	4	3	3	0	2433
pytest-dev__pytest-7205	issue	1	1	1	1	0	2179
pytest-dev__pytest-7236	issue	5	5	4	4	0	2874
pytest-dev__pytest-7324	issue	1	1	1	1	0	1168
pytest-dev__pytest-7432	issue	4	4	2	2	0	1758
pytest-dev__pytest-7490	issue	9	9	4	4	0	3319
pytest-dev__pytest-7521	issue	3	3	2	2	0	2619
pytest-dev__pytest-7571	issue	3	3	2	2	0	1673
pytest-dev__pytest-7982	issue	5	5	4	4	0	1650
pytest-dev__pytest-8399	issue	0	0	0	0	0	942
scikit-learn__scikit-learn-10297	issue	2	2	1	1	0	1805
scikit-learn__scikit-learn-10844	issue	1	1	1	1	0	1849
scikit-learn__scikit-learn-10908	issue	4	4	2	2	0	1789
scikit-learn__scikit-learn-11310	issue	1	1	1	1	0	1757
scikit-learn__scikit-learn-11578	issue	1	1	1	1	0	2738
scikit-learn__scikit-learn-12585	issue	1	1	1	1	0	1508
scikit-learn__scikit-learn-12682	issue	0	0	0	0	0	823
scikit-learn__scikit-learn-12973	issue	2	2	2	2	0	1539
scikit-learn__scikit-learn-13124	issue	4	4	2	2	0	2984
scikit-learn__scikit-learn-13135	issue	2	2	2	2	0	2898
scikit-learn__scikit-learn-13142	issue	0	0	0	0	0	1670
scikit-learn__scikit-learn-13328	issue	2	2	2	2	0	2798
scikit-learn__scikit-learn-13439	issue	0	0	0	0	0	1076
scikit-learn__scikit-learn-13496	issue	1	1	1	1	0	1245
scikit-learn__scikit-learn-13779	issue	0	0	0	0	0	834
scikit-learn__scikit-learn-14053	issue	0	0	0	0	0	1511
scikit-learn__scikit-learn-14087	issue	1	1	1	1	0	2160
scikit-learn__scikit-learn-14141	issue	2	2	2	2	0	1215
scikit-learn__scikit-learn-14496	issue	1	1	1	1	0	2071
scikit-learn__scikit-learn-14629	issue	4	4	4	4	0	3054
scikit-learn__scikit-learn-14710	issue	2	2	2	2	0	2534
scikit-learn__scikit-learn-14894	issue	2	2	2	2	0	2065
scikit-learn__scikit-learn-14983	issue	2	2	2	2	0	2018
scikit-learn__scikit-learn-15100	issue	1	1	1	1	0	1538
scikit-learn__scikit-learn-25102	issue	4	4	2	2	0	2199
scikit-learn__scikit-learn-25232	issue	4	4	2	2	0	1832
scikit-learn__scikit-learn-25747	issue	5	5	3	3	0	3109
scikit-learn__scikit-learn-25931	issue	5	5	3	3	0	2971
scikit-learn__scikit-learn-25973	issue	5	5	4	4	0	2495
scikit-learn__scikit-learn-26194	issue	2	2	2	2	0	1989
scikit-learn__scikit-learn-26323	issue	5	5	2	2	0	2381
scikit-learn__scikit-learn-9288	issue	0	0	0	0	0	1622
sphinx-doc__sphinx-10323	issue	5	5	2	2	0	2093
sphinx-doc__sphinx-10435	issue	8	8	3	3	0	2620
sphinx-doc__sphinx-10449	issue	4	4	3	3	0	2870
sphinx-doc__sphinx-10466	issue	6	6	2	2	0	2277
sphinx-doc__sphinx-10614	issue	4	4	3	3	0	2139
sphinx-doc__sphinx-10673	issue	8	8	4	4	0	2898
sphinx-doc__sphinx-11445	issue	10	10	4	4	0	2930
sphinx-doc__sphinx-11510	issue	2	2	2	2	0	2438
sphinx-doc__sphinx-7440	issue	4	4	2	2	0	1830
sphinx-doc__sphinx-7454	issue	6	6	4	4	0	2835
sphinx-doc__sphinx-7462	issue	0	0	0	0	0	1037
sphinx-doc__sphinx-7590	issue	5	5	2	2	0	1670
sphinx-doc__sphinx-7748	issue	3	3	3	3	0	1778
sphinx-doc__sphinx-7757	issue	1	1	1	1	0	1401
sphinx-doc__sphinx-7889	issue	2	2	2	2	0	1362
sphinx-doc__sphinx-7910	issue	6	6	4	4	0	2260
sphinx-doc__sphinx-7985	issue	4	4	4	4	0	2200
sphinx-doc__sphinx-8035	issue	6	6	3	3	0	2255
sphinx-doc__sphinx-8056	issue	7	7	3	3	0	2134
sphinx-doc__sphinx-8120	issue	10	10	4	4	0	2832
sphinx-doc__sphinx-8265	issue	6	6	4	4	0	2572
sphinx-doc__sphinx-8269	issue	1	1	1	1	0	1645
sphinx-doc__sphinx-8459	issue	9	9	4	4	0	2440
sphinx-doc__sphinx-8475	issue	1	1	1	1	0	1496
sphinx-doc__sphinx-8548	issue	3	3	3	3	0	1887
sphinx-doc__sphinx-8551	issue	8	8	3	3	0	2735
sphinx-doc__sphinx-8593	issue	6	6	3	3	0	2282
sphinx-doc__sphinx-8595	issue	9	9	4	4	0	2566
sphinx-doc__sphinx-8621	issue	0	0	0	0	0	1236
sphinx-doc__sphinx-8638	issue	6	6	3	3	0	2695
sphinx-doc__sphinx-8721	issue	4	4	2	2	0	1865
sphinx-doc__sphinx-9229	issue	7	7	4	4	0	3098
sphinx-doc__sphinx-9230	issue	4	4	4	4	0	2672
sphinx-doc__sphinx-9258	issue	5	5	4	4	0	2089
sphinx-doc__sphinx-9281	issue	4	4	4	4	0	1883
sphinx-doc__sphinx-9320	issue	4	4	2	2	0	1990
sphinx-doc__sphinx-9367	issue	3	3	2	2	0	1771
sphinx-doc__sphinx-9461	issue	4	4	4	4	0	2693
sphinx-doc__sphinx-9591	issue	5	5	4	4	0	2311
sphinx-doc__sphinx-9602	issue	6	6	4	4	0	2695
sphinx-doc__sphinx-9658	issue	3	3	3	3	0	2182
sphinx-doc__sphinx-9673	issue	6	6	4	4	0	2347
sphinx-doc__sphinx-9698	issue	4	4	2	2	0	1768
sphinx-doc__sphinx-9711	issue	0	0	0	0	0	1092
sympy__sympy-11618	issue	3	3	2	2	0	1216
sympy__sympy-12096	issue	2	2	2	2	0	1781
sympy__sympy-12419	issue	4	4	3	3	0	1943
sympy__sympy-12481	issue	1	1	1	1	0	1464
sympy__sympy-12489	issue	2	2	2	2	0	1882
sympy__sympy-13031	issue	2	2	2	2	0	1430
sympy__sympy-13091	issue	5	5	4	4	0	2206
sympy__sympy-13372	issue	2	2	2	2	0	1978
sympy__sympy-13480	issue	1	1	1	1	0	1505
sympy__sympy-13551	issue	5	5	4	4	0	2201
sympy__sympy-13615	issue	5	5	2	2	0	1710
sympy__sympy-13647	issue	0	0	0	0	0	1352
sympy__sympy-13757	issue	1	1	1	1	0	975
sympy__sympy-13798	issue	10	10	4	4	0	3127
sympy__sympy-13852	issue	2	2	1	1	0	1949
sympy__sympy-13877	issue	6	6	4	4	0	3421
sympy__sympy-13878	issue	1	1	1	1	0	1800
sympy__sympy-13974	issue	3	3	2	2	0	1860
sympy__sympy-14248	issue	9	9	4	4	0	2291
sympy__sympy-14531	issue	5	5	3	3	0	1575
sympy__sympy-14711	issue	4	4	2	2	0	1424
sympy__sympy-14976	issue	0	0	0	0	0	931
sympy__sympy-15017	issue	1	1	1	1	0	1194
sympy__sympy-15345	issue	3	3	3	3	0	1671
sympy__sympy-15349	issue	1	1	1	1	0	1343
sympy__sympy-15599	issue	0	0	0	0	0	1264
sympy__sympy-15809	issue	1	1	1	1	0	1006
sympy__sympy-15875	issue	6	6	4	4	0	1781
sympy__sympy-15976	issue	4	4	3	3	0	2599
sympy__sympy-16450	issue	0	0	0	0	0	942
sympy__sympy-16597	issue	1	1	1	1	0	890
sympy__sympy-16766	issue	2	2	2	2	0	1328
sympy__sympy-16792	issue	6	6	4	4	0	3097
sympy__sympy-16886	issue	0	0	0	0	0	740
sympy__sympy-17139	issue	3	3	3	3	0	2549
sympy__sympy-17318	issue	5	5	4	4	0	2784
sympy__sympy-17630	issue	6	6	2	2	0	2251
sympy__sympy-17655	issue	2	2	2	2	0	1698
sympy__sympy-18189	issue	1	1	1	1	0	1814
sympy__sympy-18199	issue	1	1	1	1	0	1524
sympy__sympy-18211	issue	4	4	3	3	0	2199
sympy__sympy-18698	issue	6	6	3	3	0	1809
sympy__sympy-18763	issue	6	6	4	4	0	2075
sympy__sympy-19040	issue	7	7	4	4	0	2693
sympy__sympy-19346	issue	3	3	2	2	0	1146
sympy__sympy-19495	issue	3	3	3	3	0	2447
sympy__sympy-19637	issue	1	1	1	1	0	1260
sympy__sympy-19783	issue	3	3	3	3	0	2065
sympy__sympy-19954	issue	2	2	2	2	0	2128
sympy__sympy-20154	issue	1	1	1	1	0	1514
sympy__sympy-20428	issue	9	9	4	4	0	3233
sympy__sympy-20438	issue	4	4	2	2	0	1994
sympy__sympy-20590	issue	0	0	0	0	0	877
sympy__sympy-20801	issue	4	4	4	4	0	2090
sympy__sympy-20916	issue	6	6	4	4	0	2040
sympy__sympy-21379	issue	7	7	4	4	0	2592
sympy__sympy-21596	issue	5	5	3	3	0	2220
sympy__sympy-21612	issue	3	3	3	3	0	2158
sympy__sympy-21847	issue	2	2	2	2	0	2107
sympy__sympy-21930	issue	2	2	2	2	0	1950
sympy__sympy-22080	issue	5	5	4	4	0	2171
sympy__sympy-22456	issue	0	0	0	0	0	767
sympy__sympy-22714	issue	2	2	2	2	0	2207
sympy__sympy-22914	issue	0	0	0	0	0	860
sympy__sympy-23262	issue	2	2	2	2	0	1440
sympy__sympy-23413	issue	0	0	0	0	0	818
sympy__sympy-23534	issue	0	0	0	0	0	865
sympy__sympy-23824	issue	1	1	1	1	0	2053
sympy__sympy-23950	issue	1	1	1	1	0	1278
sympy__sympy-24066	issue	3	3	3	3	0	1555
sympy__sympy-24213	issue	0	0	0	0	0	959
sympy__sympy-24443	issue	0	0	0	0	0	900
sympy__sympy-24539	issue	1	1	1	1	0	1093
sympy__sympy-24562	issue	5	5	3	3	0	2102
sympy__sympy-24661	issue	8	8	4	4	0	2567
astropy__astropy-12907	bm25	17	17	6	4	2	3383
astropy__astropy-13033	bm25	13	13	6	5	1	3488
astropy__astropy-13236	bm25	14	14	8	5	3	4594
astropy__astropy-13398	bm25	12	12	5	4	1	4229
astropy__astropy-13453	bm25	17	9	2	2	0	4074
astropy__astropy-13579	bm25	12	12	6	4	2	4088
astropy__astropy-13977	bm25	20	20	6	5	1	4959
astropy__astropy-14096	bm25	20	20	6	4	2	4954
astropy__astropy-14182	bm25	17	17	4	2	2	4896
astropy__astropy-14309	bm25	20	20	4	3	1	4952
astropy__astropy-14365	bm25	15	15	8	4	4	4346
astropy__astropy-14369	bm25	14	14	6	4	2	4306
astropy__astropy-14508	bm25	20	12	2	2	0	4876
astropy__astropy-14539	bm25	20	20	8	6	2	4856
astropy__astropy-14598	bm25	17	13	2	2	0	4815
astropy__astropy-14995	bm25	15	15	6	4	2	4819
astropy__astropy-7166	bm25	17	17	8	5	3	3566
astropy__astropy-7336	bm25	19	19	8	5	3	4328
astropy__astropy-7606	bm25	20	20	6	2	4	3500
astropy__astropy-7671	bm25	20	20	8	4	4	4548
astropy__astropy-8707	bm25	20	20	6	3	3	4835
astropy__astropy-8872	bm25	15	15	7	4	3	3733
django__django-10097	bm25	18	18	8	5	3	4791
django__django-10554	bm25	20	20	8	5	3	4711
django__django-10880	bm25	18	18	8	5	3	3848
django__django-10914	bm25	18	18	8	4	4	4638
django__django-10973	bm25	19	19	8	6	2	3952
django__django-10999	bm25	20	20	8	5	3	3462
django__django-11066	bm25	20	20	8	5	3	4863
django__django-11087	bm25	20	20	4	2	2	4579
django__django-11095	bm25	18	18	6	2	4	2825
django__django-11099	bm25	18	18	8	5	3	4532
django__django-11119	bm25	20	20	8	5	3	4254
django__django-11133	bm25	19	19	8	4	4	3996
django__django-11138	bm25	19	19	8	4	4	4273
django__django-11141	bm25	19	19	8	6	2	4367
django__django-11149	bm25	18	18	8	4	4	4337
django__django-11163	bm25	20	20	8	4	4	3624
django__django-11179	bm25	19	19	8	5	3	4028
django__django-11206	bm25	20	20	7	5	2	3601
django__django-11211	bm25	19	19	8	6	2	3992
django__django-11239	bm25	19	19	8	5	3	3728
django__django-11265	bm25	20	20	8	4	4	4723
django__django-11276	bm25	20	20	7	4	3	3146
django__django-11292	bm25	20	20	8	5	3	4163
django__django-11299	bm25	12	12	6	6	0	3272
django__django-11333	bm25	20	20	6	4	2	3082
django__django-11400	bm25	20	20	5	3	2	3815
django__django-11433	bm25	18	18	8	5	3	4018
django__django-11451	bm25	20	20	8	6	2	3806
django__django-11477	bm25	17	17	8	4	4	3523
django__django-11490	bm25	19	19	6	4	2	3586
django__django-11532	bm25	19	19	8	5	3	4039
django__django-11551	bm25	20	20	6	2	4	4475
django__django-11555	bm25	16	16	6	4	2	3203
django__django-11603	bm25	20	20	5	2	3	2594
django__django-11728	bm25	15	15	8	6	2	3738
django__django-11734	bm25	18	18	8	6	2	4229
django__django-11740	bm25	17	17	2	1	1	4754
django__django-11749	bm25	20	20	8	5	3	4496
django__django-11790	bm25	16	16	7	4	3	3843
django__django-11815	bm25	19	19	8	6	2	3908
django__django-11820	bm25	17	17	8	5	3	4074
django__django-11848	bm25	20	20	6	3	3	3014
django__django-11880	bm25	20	20	6	4	2	4403
django__django-11885	bm25	19	19	8	6	2	4533
django__django-11951	bm25	20	20	8	4	4	4247
django__django-11964	bm25	20	20	6	3	3	4778
django__django-11999	bm25	19	19	8	5	3	3761
django__django-12039	bm25	20	20	8	6	2	3695
django__django-12050	bm25	19	19	8	5	3	3984
django__django-12125	bm25	19	19	8	4	4	4503
django__django-12143	bm25	20	20	7	4	3	3652
django__django-12155	bm25	20	20	8	4	4	3683
django__django-12193	bm25	20	20	8	5	3	4602
django__django-12209	bm25	20	20	8	5	3	4187
django__django-12262	bm25	19	19	7	4	3	4030
django__django-12273	bm25	17	17	8	4	4	3635
django__django-12276	bm25	20	20	8	5	3	4479
django__django-12304	bm25	17	17	8	7	1	4617
django__django-12308	bm25	16	16	7	6	1	3547
django__django-12325	bm25	19	19	8	6	2	4594
django__django-12406	bm25	20	20	8	5	3	4639
django__django-12419	bm25	16	16	8	4	4	4203
django__django-12663	bm25	19	19	8	6	2	4395
django__django-12708	bm25	17	17	7	4	3	3403
django__django-12713	bm25	19	19	8	6	2	4084
django__django-12741	bm25	15	15	7	4	3	2878
django__django-12754	bm25	18	18	8	5	3	4116
django__django-12774	bm25	20	20	8	4	4	4452
django__django-12858	bm25	17	17	8	5	3	4211
django__django-12965	bm25	18	18	8	6	2	4672
django__django-13012	bm25	19	19	6	4	2	3605
django__django-13023	bm25	20	20	8	4	4	3986
django__django-13028	bm25	20	20	8	6	2	4398
django__django-13033	bm25	18	18	8	4	4	4850
django__django-13089	bm25	20	20	8	3	5	3583
django__django-13109	bm25	19	19	6	4	2	4978
django__django-13112	bm25	20	16	2	2	0	4986
django__django-13121	bm25	18	18	8	6	2	3335
django__django-13128	bm25	17	17	4	2	2	2836
django__django-13158	bm25	20	20	8	4	4	3468
django__django-13195	bm25	20	20	8	4	4	4856
django__django-13212	bm25	10	10	4	4	0	2064
django__django-13279	bm25	17	17	7	4	3	3166
django__django-13297	bm25	20	20	8	4	4	4179
django__django-13315	bm25	18	18	8	6	2	4102
django__django-13343	bm25	20	20	7	4	3	4213
django__django-13344	bm25	16	16	8	5	3	4022
django__django-13346	bm25	15	15	7	6	1	3316
django__django-13363	bm25	16	16	8	4	4	3904
django__django-13401	bm25	20	20	8	3	5	4062
django__django-13406	bm25	17	17	7	4	3	3940
django__django-13410	bm25	18	18	8	3	5	4155
django__django-13417	bm25	18	18	8	5	3	3194
django__django-13449	bm25	13	13	7	5	2	4980
django__django-13512	bm25	18	18	8	5	3	4089
django__django-13513	bm25	20	20	8	4	4	4376
django__django-13516	bm25	18	18	8	4	4	4091
django__django-13551	bm25	16	16	6	2	4	3672
django__django-13568	bm25	20	20	8	4	4	4768
django__django-13569	bm25	16	16	8	5	3	4244
django__django-13590	bm25	20	20	8	6	2	4073
django__django-13658	bm25	20	20	8	5	3	4154
django__django-13670	bm25	20	20	8	3	5	4393
django__django-13741	bm25	18	18	6	2	4	3451
django__django-13786	bm25	17	17	6	2	4	3952
django__django-13794	bm25	18	18	8	5	3	3567
django__django-13807	bm25	20	20	8	6	2	3637
django__django-13809	bm25	20	20	8	4	4	4438
django__django-13810	bm25	18	18	8	5	3	3941
django__django-13820	bm25	20	20	8	6	2	4782
django__django-13821	bm25	16	16	4	2	2	2431
django__django-13837	bm25	20	20	8	5	3	4354
django__django-13925	bm25	18	18	8	4	4	4824
django__django-13933	bm25	20	20	7	3	4	4578
django__django-13964	bm25	16	16	8	7	1	4102
django__django-14007	bm25	18	18	8	5	3	4373
django__django-14011	bm25	14	14	7	5	2	3432
django__django-14017	bm25	19	19	8	3	5	4637
django__django-14034	bm25	20	20	8	2	6	4526
django__django-14053	bm25	20	20	8	3	5	4574
django__django-14089	bm25	19	19	7	3	4	2995
django__django-14122	bm25	17	17	6	6	0	3944
django__django-14140	bm25	19	19	7	5	2	3866
django__django-14155	bm25	20	20	7	5	2	3706
django__django-14170	bm25	15	15	8	6	2	4072
django__django-14238	bm25	20	20	7	4	3	4502
django__django-14311	bm25	18	18	8	5	3	4004
django__django-14315	bm25	20	20	8	4	4	3864
django__django-14349	bm25	19	19	6	4	2	4128
django__django-14351	bm25	17	17	6	4	2	4771
django__django-14373	bm25	20	20	4	1	3	3474
django__django-14376	bm25	20	20	8	4	4	4099
django__django-14404	bm25	19	19	8	5	3	3623
django__django-14434	bm25	16	16	8	4	4	3369
django__django-14493	bm25	20	20	7	3	4	4105
django__django-14500	bm25	16	16	8	5	3	3660
django__django-14534	bm25	20	20	6	2	4	4111
django__django-14539	bm25	17	17	8	5	3	3734
django__django-14559	bm25	20	20	8	5	3	4335
django__django-14580	bm25	18	18	4	2	2	4902
django__django-14608	bm25	18	18	8	5	3	3534
django__django-14631	bm25	19	19	8	6	2	3795
django__django-14672	bm25	20	20	8	5	3	4581
django__django-14725	bm25	19	19	6	4	2	3157
django__django-14752	bm25	19	19	8	4	4	4342
django__django-14765	bm25	18	18	8	5	3	3776
django__django-14771	bm25	20	20	8	5	3	3852
django__django-14787	bm25	20	20	8	6	2	3571
django__django-14792	bm25	18	18	8	4	4	3535
django__django-14855	bm25	18	18	8	6	2	4395
django__django-14915	bm25	16	16	8	4	4	3624
django__django-14999	bm25	19	19	8	4	4	3639
django__django-15022	bm25	18	18	8	4	4	3952
django__django-15037	bm25	19	19	6	4	2	3621
django__django-15098	bm25	18	18	8	5	3	4010
django__django-15103	bm25	17	17	8	4	4	3443
django__django-15104	bm25	20	20	5	2	3	4401
django__django-15127	bm25	14	14	6	5	1	2596
django__django-15128	bm25	19	19	7	3	4	4112
django__django-15161	bm25	10	10	4	4	0	2112
django__django-15252	bm25	20	20	8	2	6	4142
django__django-15268	bm25	15	15	8	5	3	3899
django__django-15277	bm25	19	19	8	4	4	4984
django__django-15278	bm25	18	18	8	5	3	4471
django__django-15280	bm25	17	17	8	5	3	4249
django__django-15315	bm25	19	19	8	4	4	3532
django__django-15368	bm25	20	20	8	4	4	4438
django__django-15375	bm25	18	18	7	4	3	4157
django__django-15380	bm25	19	19	6	2	4	4220
django__django-15382	bm25	17	17	8	4	4	3394
django__django-15467	bm25	20	20	7	4	3	3504
django__django-15499	bm25	19	19	7	5	2	4053
django__django-15503	bm25	14	14	8	5	3	3623
django__django-15525	bm25	19	19	2	1	1	4837
django__django-15554	bm25	17	17	7	5	2	3348
django__django-15561	bm25	16	16	8	6	2	4305
django__django-15563	bm25	19	19	8	5	3	3993
django__django-15569	bm25	20	20	7	3	4	4035
django__django-15572	bm25	18	18	8	5	3	4842
django__django-15629	bm25	17	17	8	4	4	4738
django__django-15695	bm25	18	18	7	3	4	4044
django__django-15731	bm25	19	19	8	2	6	4277
django__django-15732	bm25	16	16	8	7	1	3497
django__django-15741	bm25	19	19	6	3	3	3312
django__django-15814	bm25	18	18	6	4	2	4900
django__django-15851	bm25	19	19	8	4	4	4228
django__django-15863	bm25	20	20	8	5	3	4623
django__django-15916	bm25	18	18	8	3	5	4473
django__django-15930	bm25	15	15	5	4	1	3500
django__django-15957	bm25	15	15	7	5	2	3550
django__django-15973	bm25	19	17	2	1	1	4908
django__django-15987	bm25	17	17	8	4	4	3336
django__django-16032	bm25	18	18	8	6	2	3935
django__django-16082	bm25	16	16	4	2	2	3691
django__django-16100	bm25	19	19	8	5	3	4223
django__django-16116	bm25	20	20	8	4	4	4354
django__django-16136	bm25	19	19	8	5	3	4454
django__django-16139	bm25	20	20	7	4	3	4359
django__django-16145	bm25	19	19	7	3	4	4237
django__django-16255	bm25	20	20	8	2	6	4532
django__django-16256	bm25	12	12	6	4	2	3531
django__django-16263	bm25	19	19	6	5	1	2822
django__django-16315	bm25	18	18	8	5	3	4022
django__django-16333	bm25	19	19	6	4	2	3952
django__django-16429	bm25	20	20	8	5	3	4260
django__django-16454	bm25	18	18	8	5	3	4311
django__django-16485	bm25	20	20	6	3	3	3355
django__django-16493	bm25	19	19	8	6	2	4604
django__django-16502	bm25	16	16	4	4	0	4732
django__django-16527	bm25	20	20	8	4	4	3825
django__django-16560	bm25	18	18	8	5	3	4140
django__django-16569	bm25	20	20	8	4	4	3846
django__django-16595	bm25	20	20	6	3	3	4865
django__django-16612	bm25	20	20	8	5	3	3985
django__django-16631	bm25	20	20	8	5	3	4076
django__django-16642	bm25	14	14	8	6	2	3579
django__django-16661	bm25	20	20	8	4	4	4427
django__django-16662	bm25	15	15	7	5	2	3582
django__django-16667	bm25	20	20	4	2	2	3709
django__django-16801	bm25	19	19	8	2	6	4319
django__django-16819	bm25	17	17	6	4	2	3626
django__django-16877	bm25	16	16	8	6	2	2927
django__django-16899	bm25	20	20	5	3	2	3130
django__django-16901	bm25	14	14	6	5	1	3695
django__django-16938	bm25	19	19	6	4	2	4988
django__django-16950	bm25	18	18	8	5	3	4821
django__django-17029	bm25	20	20	8	6	2	3539
django__django-17084	bm25	15	15	7	5	2	3509
django__django-17087	bm25	15	15	2	2	0	4558
django__django-7530	bm25	17	17	8	5	3	4443
django__django-9296	bm25	20	20	8	4	4	4313
matplotlib__matplotlib-13989	bm25	20	8	2	2	0	2684
matplotlib__matplotlib-14623	bm25	16	14	2	2	0	4921
matplotlib__matplotlib-20488	bm25	20	20	6	4	2	4858
matplotlib__matplotlib-20676	bm25	13	13	6	5	1	3568
matplotlib__matplotlib-20826	bm25	16	16	8	6	2	4702
matplotlib__matplotlib-20859	bm25	20	10	2	2	0	3052
matplotlib__matplotlib-21568	bm25	13	13	6	6	0	3594
matplotlib__matplotlib-22719	bm25	20	2	2	2	0	4909
matplotlib__matplotlib-22865	bm25	16	16	8	4	4	4088
matplotlib__matplotlib-22871	bm25	20	20	8	5	3	4290
matplotlib__matplotlib-23299	bm25	20	20	8	5	3	4494
matplotlib__matplotlib-23314	bm25	20	20	8	5	3	3730
matplotlib__matplotlib-23412	bm25	18	14	2	2	0	2944
matplotlib__matplotlib-23476	bm25	17	17	8	4	4	4607
matplotlib__matplotlib-24026	bm25	20	0	0	0	0	1322
matplotlib__matplotlib-24149	bm25	20	6	2	2	0	2426
matplotlib__matplotlib-24177	bm25	16	16	8	6	2	4886
matplotlib__matplotlib-24570	bm25	20	20	8	6	2	4346
matplotlib__matplotlib-24627	bm25	15	15	8	5	3	3694
matplotlib__matplotlib-24637	bm25	19	19	8	4	4	4719
matplotlib__matplotlib-24870	bm25	19	15	2	2	0	4535
matplotlib__matplotlib-24970	bm25	20	18	2	2	0	3059
matplotlib__matplotlib-25122	bm25	20	20	7	3	4	3857
matplotlib__matplotlib-25287	bm25	18	0	0	0	0	1240
matplotlib__matplotlib-25311	bm25	11	11	5	5	0	3000
matplotlib__matplotlib-25332	bm25	19	19	8	6	2	4283
matplotlib__matplotlib-25479	bm25	19	19	6	4	2	4981
matplotlib__matplotlib-25775	bm25	16	8	2	2	0	2191
matplotlib__matplotlib-25960	bm25	17	17	8	4	4	4533
matplotlib__matplotlib-26113	bm25	20	0	0	0	0	1893
matplotlib__matplotlib-26208	bm25	18	16	2	1	1	3347
matplotlib__matplotlib-26291	bm25	12	12	4	2	2	4090
matplotlib__matplotlib-26342	bm25	20	20	8	4	4	3670
matplotlib__matplotlib-26466	bm25	20	2	2	2	0	4233
mwaskom__seaborn-3069	bm25	15	11	2	2	0	4244
mwaskom__seaborn-3187	bm25	14	7	2	2	0	4431
pallets__flask-5014	bm25	16	16	6	3	3	3450
psf__requests-1142	bm25	19	19	8	5	3	3679
psf__requests-1724	bm25	20	20	6	3	3	4613
psf__requests-1766	bm25	14	14	8	5	3	3551
psf__requests-1921	bm25	20	20	8	5	3	3930
psf__requests-2317	bm25	19	19	8	5	3	4565
psf__requests-2931	bm25	19	19	8	6	2	3852
psf__requests-5414	bm25	20	20	8	4	4	4570
psf__requests-6028	bm25	18	18	8	7	1	4134
pydata__xarray-2905	bm25	18	18	7	4	3	3938
pydata__xarray-3095	bm25	19	19	8	5	3	4958
pydata__xarray-3151	bm25	19	19	5	3	2	4870
pydata__xarray-3305	bm25	20	20	6	5	1	4933
pydata__xarray-3677	bm25	20	20	8	4	4	4359
pydata__xarray-3993	bm25	20	20	8	4	4	4626
pydata__xarray-4075	bm25	16	16	7	2	5	4266
pydata__xarray-4094	bm25	16	16	8	6	2	4728
pydata__xarray-4356	bm25	16	16	8	6	2	3809
pydata__xarray-4629	bm25	20	20	8	6	2	4921
pydata__xarray-4687	bm25	18	18	6	3	3	4734
pydata__xarray-4695	bm25	16	16	8	5	3	4733
pydata__xarray-4966	bm25	19	19	4	4	0	4530
pydata__xarray-6461	bm25	20	20	8	6	2	4878
pydata__xarray-6599	bm25	15	15	8	5	3	4179
pydata__xarray-6721	bm25	20	20	8	6	2	4814
pydata__xarray-6744	bm25	18	18	7	3	4	4122
pydata__xarray-6938	bm25	12	12	6	4	2	4031
pydata__xarray-6992	bm25	17	17	6	2	4	3921
pydata__xarray-7229	bm25	17	17	2	1	1	4513
pydata__xarray-7233	bm25	17	17	8	5	3	4713
pydata__xarray-7393	bm25	17	17	8	5	3	4604
pylint-dev__pylint-4551	bm25	15	9	2	2	0	4438
pylint-dev__pylint-4604	bm25	16	0	0	0	0	898
pylint-dev__pylint-4661	bm25	10	8	1	1	0	4878
pylint-dev__pylint-4970	bm25	14	5	2	2	0	3074
pylint-dev__pylint-6386	bm25	17	7	2	2	0	3174
pylint-dev__pylint-6528	bm25	20	18	2	1	1	4929
pylint-dev__pylint-6903	bm25	20	6	2	2	0	4544
pylint-dev__pylint-7080	bm25	14	12	2	1	1	4726
pylint-dev__pylint-7277	bm25	19	5	2	2	0	4005
pylint-dev__pylint-8898	bm25	18	8	2	2	0	4313
pytest-dev__pytest-10051	bm25	20	20	6	2	4	3857
pytest-dev__pytest-10081	bm25	17	17	6	3	3	4662
pytest-dev__pytest-10356	bm25	14	14	8	5	3	4491
pytest-dev__pytest-5262	bm25	17	17	3	2	1	3543
pytest-dev__pytest-5631	bm25	19	19	8	5	3	4308
pytest-dev__pytest-5787	bm25	10	10	4	4	0	2871
pytest-dev__pytest-5809	bm25	20	20	8	4	4	4106
pytest-dev__pytest-5840	bm25	14	14	8	6	2	3634
pytest-dev__pytest-6197	bm25	16	16	8	6	2	4514
pytest-dev__pytest-6202	bm25	19	19	8	5	3	4552
pytest-dev__pytest-7205	bm25	20	20	8	4	4	4510
pytest-dev__pytest-7236	bm25	17	17	5	1	4	3755
pytest-dev__pytest-7324	bm25	16	16	8	6	2	3696
pytest-dev__pytest-7432	bm25	19	19	6	2	4	3617
pytest-dev__pytest-7490	bm25	18	18	8	5	3	4683
pytest-dev__pytest-7521	bm25	14	14	7	5	2	4563
pytest-dev__pytest-7571	bm25	18	18	6	3	3	3277
pytest-dev__pytest-7982	bm25	15	15	8	6	2	3157
pytest-dev__pytest-8399	bm25	10	10	3	3	0	2683
scikit-learn__scikit-learn-10297	bm25	20	20	4	2	2	4082
scikit-learn__scikit-learn-10844	bm25	20	20	8	3	5	4836
scikit-learn__scikit-learn-10908	bm25	20	20	5	3	2	3874
scikit-learn__scikit-learn-11310	bm25	20	20	6	3	3	4639
scikit-learn__scikit-learn-11578	bm25	20	20	2	1	1	4799
scikit-learn__scikit-learn-12585	bm25	20	20	8	6	2	4426
scikit-learn__scikit-learn-12682	bm25	15	15	8	5	3	4833
scikit-learn__scikit-learn-12973	bm25	20	20	8	5	3	4729
scikit-learn__scikit-learn-13124	bm25	20	20	4	2	2	4908
scikit-learn__scikit-learn-13135	bm25	20	20	4	2	2	4756
scikit-learn__scikit-learn-13142	bm25	12	12	6	4	2	4805
scikit-learn__scikit-learn-13328	bm25	20	20	2	1	1	4470
scikit-learn__scikit-learn-13439	bm25	19	19	8	4	4	4185
scikit-learn__scikit-learn-13496	bm25	16	16	8	5	3	4211
scikit-learn__scikit-learn-13779	bm25	17	17	8	4	4	3358
scikit-learn__scikit-learn-14053	bm25	18	18	6	3	3	4537
scikit-learn__scikit-learn-14087	bm25	20	20	4	1	3	4518
scikit-learn__scikit-learn-14141	bm25	17	17	7	5	2	2473
scikit-learn__scikit-learn-14496	bm25	20	20	6	4	2	4724
scikit-learn__scikit-learn-14629	bm25	19	19	5	3	2	4767
scikit-learn__scikit-learn-14710	bm25	20	20	4	1	3	4606
scikit-learn__scikit-learn-14894	bm25	20	20	6	4	2	4476
scikit-learn__scikit-learn-14983	bm25	18	18	6	4	2	4533
scikit-learn__scikit-learn-15100	bm25	20	20	8	3	5	4183
scikit-learn__scikit-learn-25102	bm25	15	15	8	5	3	4372
scikit-learn__scikit-learn-25232	bm25	20	20	8	4	4	4366
scikit-learn__scikit-learn-25747	bm25	19	19	6	3	3	4982
scikit-learn__scikit-learn-25931	bm25	19	19	6	4	2	4675
scikit-learn__scikit-learn-25973	bm25	20	20	7	4	3	4495
scikit-learn__scikit-learn-26194	bm25	20	20	7	4	3	4520
scikit-learn__scikit-learn-26323	bm25	19	19	8	5	3	4341
scikit-learn__scikit-learn-9288	bm25	13	13	5	3	2	4198
sphinx-doc__sphinx-10323	bm25	15	15	6	3	3	4929
sphinx-doc__sphinx-10435	bm25	18	12	2	2	0	4228
sphinx-doc__sphinx-10449	bm25	16	16	7	4	3	4399
sphinx-doc__sphinx-10466	bm25	18	18	8	4	4	4917
sphinx-doc__sphinx-10614	bm25	14	14	7	4	3	4030
sphinx-doc__sphinx-10673	bm25	18	18	8	5	3	4702
sphinx-doc__sphinx-11445	bm25	17	17	7	5	2	4000
sphinx-doc__sphinx-11510	bm25	15	9	2	2	0	4854
sphinx-doc__sphinx-7440	bm25	19	0	0	0	0	949
sphinx-doc__sphinx-7454	bm25	16	16	8	4	4	4435
sphinx-doc__sphinx-7462	bm25	19	19	6	6	0	4332
sphinx-doc__sphinx-7590	bm25	15	15	8	4	4	3666
sphinx-doc__sphinx-7748	bm25	17	17	6	3	3	3528
sphinx-doc__sphinx-7757	bm25	11	11	5	4	1	3816
sphinx-doc__sphinx-7889	bm25	15	15	8	4	4	4412
sphinx-doc__sphinx-7910	bm25	17	17	8	6	2	4448
sphinx-doc__sphinx-7985	bm25	16	16	6	4	2	4696
sphinx-doc__sphinx-8035	bm25	17	17	4	2	2	3490
sphinx-doc__sphinx-8056	bm25	18	18	8	5	3	4533
sphinx-doc__sphinx-8120	bm25	17	17	7	5	2	4175
sphinx-doc__sphinx-8265	bm25	18	18	7	5	2	4261
sphinx-doc__sphinx-8269	bm25	17	13	2	2	0	4845
sphinx-doc__sphinx-8459	bm25	19	19	8	6	2	4172
sphinx-doc__sphinx-8475	bm25	16	6	2	2	0	4001
sphinx-doc__sphinx-8548	bm25	13	13	7	5	2	3699
sphinx-doc__sphinx-8551	bm25	17	17	4	2	2	4587
sphinx-doc__sphinx-8593	bm25	18	18	6	3	3	4025
sphinx-doc__sphinx-8595	bm25	19	19	6	4	2	3872
sphinx-doc__sphinx-8621	bm25	15	15	7	5	2	4662
sphinx-doc__sphinx-8638	bm25	16	16	4	3	1	4956
sphinx-doc__sphinx-8721	bm25	20	20	4	2	2	4636
sphinx-doc__sphinx-9229	bm25	19	17	2	2	0	3905
sphinx-doc__sphinx-9230	bm25	15	15	8	5	3	4811
sphinx-doc__sphinx-9258	bm25	15	15	6	4	2	4760
sphinx-doc__sphinx-9281	bm25	16	16	6	3	3	4687
sphinx-doc__sphinx-9320	bm25	19	19	6	3	3	3846
sphinx-doc__sphinx-9367	bm25	19	19	8	6	2	3741
sphinx-doc__sphinx-9461	bm25	14	14	7	5	2	4271
sphinx-doc__sphinx-9591	bm25	15	15	8	4	4	4988
sphinx-doc__sphinx-9602	bm25	16	16	8	4	4	4982
sphinx-doc__sphinx-9658	bm25	13	13	7	6	1	4344
sphinx-doc__sphinx-9673	bm25	17	17	6	4	2	3715
sphinx-doc__sphinx-9698	bm25	20	20	6	4	2	4714
sphinx-doc__sphinx-9711	bm25	20	20	7	5	2	4831
sympy__sympy-11618	bm25	18	18	8	5	3	3718
sympy__sympy-12096	bm25	18	18	8	4	4	4289
sympy__sympy-12419	bm25	16	16	8	5	3	3747
sympy__sympy-12481	bm25	20	20	7	3	4	3574
sympy__sympy-12489	bm25	20	20	8	5	3	4536
sympy__sympy-13031	bm25	14	14	8	6	2	3805
sympy__sympy-13091	bm25	14	14	8	4	4	3803
sympy__sympy-13372	bm25	20	20	5	3	2	3696
sympy__sympy-13480	bm25	20	20	8	6	2	4755
sympy__sympy-13551	bm25	19	19	8	4	4	3676
sympy__sympy-13615	bm25	15	15	8	6	2	3586
sympy__sympy-13647	bm25	20	20	8	5	3	4256
sympy__sympy-13757	bm25	11	11	5	4	1	2707
sympy__sympy-13798	bm25	20	20	6	3	3	4939
sympy__sympy-13852	bm25	12	12	6	5	1	3619
sympy__sympy-13877	bm25	19	19	6	4	2	4662
sympy__sympy-13878	bm25	20	20	6	4	2	4055
sympy__sympy-13974	bm25	18	18	7	3	4	3883
sympy__sympy-14248	bm25	17	17	8	6	2	3876
sympy__sympy-14531	bm25	17	17	8	4	4	3073
sympy__sympy-14711	bm25	20	20	8	4	4	3465
sympy__sympy-14976	bm25	20	20	8	3	5	4566
sympy__sympy-15017	bm25	17	17	8	6	2	3530
sympy__sympy-15345	bm25	15	15	8	6	2	3630
sympy__sympy-15349	bm25	20	20	8	4	4	4165
sympy__sympy-15599	bm25	19	19	8	6	2	4721
sympy__sympy-15809	bm25	16	16	6	4	2	3127
sympy__sympy-15875	bm25	18	18	8	6	2	2906
sympy__sympy-15976	bm25	14	14	5	3	2	3826
sympy__sympy-16450	bm25	18	18	8	5	3	4449
sympy__sympy-16597	bm25	14	14	8	6	2	4156
sympy__sympy-16766	bm25	14	14	7	6	1	2857
sympy__sympy-16792	bm25	16	16	7	4	3	4506
sympy__sympy-16886	bm25	19	19	8	4	4	4778
sympy__sympy-17139	bm25	20	20	7	4	3	4530
sympy__sympy-17318	bm25	20	20	8	5	3	4590
sympy__sympy-17630	bm25	20	20	8	4	4	4361
sympy__sympy-17655	bm25	19	19	6	4	2	3829
sympy__sympy-18189	bm25	18	18	8	5	3	4650
sympy__sympy-18199	bm25	18	18	8	6	2	4459
sympy__sympy-18211	bm25	18	18	5	3	2	3559
sympy__sympy-18698	bm25	16	16	8	4	4	3715
sympy__sympy-18763	bm25	16	16	8	5	3	4081
sympy__sympy-19040	bm25	18	18	8	6	2	4554
sympy__sympy-19346	bm25	17	17	8	4	4	3810
sympy__sympy-19495	bm25	15	15	6	5	1	4146
sympy__sympy-19637	bm25	20	20	6	4	2	3528
sympy__sympy-19783	bm25	13	13	4	2	2	3402
sympy__sympy-19954	bm25	20	20	7	3	4	4522
sympy__sympy-20154	bm25	20	20	6	5	1	4108
sympy__sympy-20428	bm25	19	19	8	5	3	4792
sympy__sympy-20438	bm25	18	18	8	4	4	4570
sympy__sympy-20590	bm25	10	10	4	4	0	2898
sympy__sympy-20801	bm25	17	17	8	4	4	4170
sympy__sympy-20916	bm25	16	16	6	4	2	3283
sympy__sympy-21379	bm25	17	17	8	5	3	4496
sympy__sympy-21596	bm25	16	16	8	5	3	3666
sympy__sympy-21612	bm25	15	15	7	5	2	4073
sympy__sympy-21847	bm25	17	17	7	4	3	3666
sympy__sympy-21930	bm25	18	18	6	5	1	3924
sympy__sympy-22080	bm25	15	15	8	5	3	4195
sympy__sympy-22456	bm25	11	11	2	2	0	1919
sympy__sympy-22714	bm25	20	20	8	4	4	4841
sympy__sympy-22914	bm25	19	19	8	5	3	3943
sympy__sympy-23262	bm25	14	14	7	5	2	3004
sympy__sympy-23413	bm25	20	20	7	5	2	3752
sympy__sympy-23534	bm25	20	20	8	3	5	4450
sympy__sympy-23824	bm25	20	20	6	2	4	4562
sympy__sympy-23950	bm25	20	20	8	5	3	4147
sympy__sympy-24066	bm25	18	18	2	1	1	4921
sympy__sympy-24213	bm25	20	20	8	5	3	4247
sympy__sympy-24443	bm25	20	20	6	4	2	4152
sympy__sympy-24539	bm25	20	20	8	4	4	3792
sympy__sympy-24562	bm25	18	18	8	3	5	4055
sympy__sympy-24661	bm25	20	20	8	4	4	4322
astropy__astropy-12907	mural	17	17	6	4	2	3348
astropy__astropy-13033	mural	13	13	6	4	2	3802
astropy__astropy-13236	mural	14	14	7	4	3	4440
astropy__astropy-13398	mural	12	12	5	4	1	4229
astropy__astropy-13453	mural	17	9	2	2	0	4108
astropy__astropy-13579	mural	12	12	6	4	2	4185
astropy__astropy-13977	mural	20	20	8	4	4	4992
astropy__astropy-14096	mural	20	20	4	2	2	3195
astropy__astropy-14182	mural	17	17	8	5	3	3982
astropy__astropy-14309	mural	20	20	2	2	0	4811
astropy__astropy-14365	mural	15	15	8	3	5	4234
astropy__astropy-14369	mural	14	14	7	6	1	4936
astropy__astropy-14508	mural	20	20	4	2	2	3673
astropy__astropy-14539	mural	20	20	7	3	4	4902
astropy__astropy-14598	mural	17	17	7	3	4	4299
astropy__astropy-14995	mural	15	15	7	3	4	4282
astropy__astropy-7166	mural	17	17	8	6	2	3824
astropy__astropy-7336	mural	19	19	8	5	3	4388
astropy__astropy-7606	mural	20	20	4	2	2	3122
astropy__astropy-7671	mural	20	20	8	4	4	4042
astropy__astropy-8707	mural	20	20	6	4	2	3810
astropy__astropy-8872	mural	15	15	7	4	3	3733
django__django-10097	mural	18	18	8	5	3	4392
django__django-10554	mural	20	20	8	5	3	4336
django__django-10880	mural	18	18	8	5	3	3848
django__django-10914	mural	18	18	8	6	2	4254
django__django-10973	mural	19	19	8	4	4	3885
django__django-10999	mural	20	20	6	2	4	3712
django__django-11066	mural	20	20	6	4	2	4858
django__django-11087	mural	20	20	4	2	2	4584
django__django-11095	mural	18	18	4	2	2	2296
django__django-11099	mural	18	18	8	5	3	4055
django__django-11119	mural	20	20	7	1	6	4322
django__django-11133	mural	19	19	5	2	3	3377
django__django-11138	mural	19	19	8	5	3	3767
django__django-11141	mural	19	19	8	4	4	4075
django__django-11149	mural	18	18	6	2	4	3162
django__django-11163	mural	20	20	8	3	5	3198
django__django-11179	mural	19	19	8	5	3	4028
django__django-11206	mural	20	20	7	3	4	3584
django__django-11211	mural	19	19	6	4	2	3478
django__django-11239	mural	19	19	8	4	4	3556
django__django-11265	mural	20	20	8	4	4	4825
django__django-11276	mural	20	20	6	4	2	2962
django__django-11292	mural	20	20	8	5	3	4163
django__django-11299	mural	12	12	6	5	1	3576
django__django-11333	mural	20	20	6	4	2	3221
django__django-11400	mural	20	20	6	2	4	3732
django__django-11433	mural	18	18	8	5	3	4004
django__django-11451	mural	20	20	8	2	6	4209
django__django-11477	mural	17	17	8	6	2	3024
django__django-11490	mural	19	19	6	4	2	3586
django__django-11532	mural	19	19	6	2	4	3919
django__django-11551	mural	20	20	6	2	4	4186
django__django-11555	mural	16	16	6	4	2	3226
django__django-11603	mural	20	20	5	2	3	2594
django__django-11728	mural	15	15	8	5	3	3628
django__django-11734	mural	18	18	8	6	2	4200
django__django-11740	mural	17	17	8	6	2	4517
django__django-11749	mural	20	20	8	6	2	3662
django__django-11790	mural	16	16	6	3	3	3534
django__django-11815	mural	19	19	8	5	3	3729
django__django-11820	mural	17	17	8	5	3	4074
django__django-11848	mural	20	20	4	2	2	2768
django__django-11880	mural	20	20	7	4	3	4605
django__django-11885	mural	19	19	8	6	2	4202
django__django-11951	mural	20	20	6	3	3	3546
django__django-11964	mural	20	20	8	4	4	4754
django__django-11999	mural	19	19	8	5	3	3488
django__django-12039	mural	20	20	8	3	5	4060
django__django-12050	mural	19	19	8	3	5	4143
django__django-12125	mural	19	19	6	4	2	3575
django__django-12143	mural	20	20	8	5	3	4088
django__django-12155	mural	20	20	8	3	5	3504
django__django-12193	mural	20	20	8	5	3	4620
django__django-12209	mural	20	20	8	5	3	4187
django__django-12262	mural	19	19	7	3	4	3890
django__django-12273	mural	17	17	8	4	4	3613
django__django-12276	mural	20	20	5	2	3	3797
django__django-12304	mural	17	17	8	7	1	4617
django__django-12308	mural	16	16	8	7	1	3847
django__django-12325	mural	19	19	8	5	3	4864
django__django-12406	mural	20	20	6	5	1	3822
django__django-12419	mural	16	16	8	6	2	3281
django__django-12663	mural	19	19	8	6	2	4720
django__django-12708	mural	17	17	8	4	4	3585
django__django-12713	mural	19	19	8	6	2	4261
django__django-12741	mural	15	15	7	4	3	2878
django__django-12754	mural	18	18	8	5	3	3797
django__django-12774	mural	20	20	8	6	2	4846
django__django-12858	mural	17	17	8	6	2	4151
django__django-12965	mural	18	18	8	5	3	4444
django__django-13012	mural	19	19	6	4	2	3601
django__django-13023	mural	20	20	7	4	3	3715
django__django-13028	mural	20	20	8	6	2	4381
django__django-13033	mural	18	18	8	5	3	4750
django__django-13089	mural	20	20	8	5	3	3620
django__django-13109	mural	19	19	7	4	3	3638
django__django-13112	mural	20	20	7	4	3	4168
django__django-13121	mural	18	18	8	6	2	3327
django__django-13128	mural	17	17	4	2	2	2921
django__django-13158	mural	20	20	7	4	3	3328
django__django-13195	mural	20	20	4	2	2	2990
django__django-13212	mural	10	10	4	4	0	2134
django__django-13279	mural	17	17	7	5	2	2858
django__django-13297	mural	20	20	8	4	4	4028
django__django-13315	mural	18	18	7	4	3	3942
django__django-13343	mural	20	20	7	4	3	4338
django__django-13344	mural	16	16	8	5	3	4232
django__django-13346	mural	15	15	8	6	2	3791
django__django-13363	mural	16	16	8	6	2	4026
django__django-13401	mural	20	20	8	4	4	3875
django__django-13406	mural	17	17	7	4	3	3940
django__django-13410	mural	18	18	8	3	5	4126
django__django-13417	mural	18	18	6	3	3	3127
django__django-13449	mural	13	13	3	3	0	4801
django__django-13512	mural	18	18	8	4	4	3796
django__django-13513	mural	20	20	4	2	2	3752
django__django-13516	mural	18	18	8	4	4	4091
django__django-13551	mural	16	16	4	2	2	3014
django__django-13568	mural	20	20	6	3	3	4560
django__django-13569	mural	16	16	8	4	4	4257
django__django-13590	mural	20	20	8	4	4	3851
django__django-13658	mural	20	20	8	4	4	3837
django__django-13670	mural	20	20	7	3	4	3822
django__django-13741	mural	18	18	4	2	2	3164
django__django-13786	mural	17	17	3	2	1	3245
django__django-13794	mural	18	18	8	4	4	3317
django__django-13807	mural	20	20	8	6	2	3900
django__django-13809	mural	20	20	8	4	4	4438
django__django-13810	mural	18	18	8	3	5	4295
django__django-13820	mural	20	20	6	2	4	3890
django__django-13821	mural	16	16	4	2	2	2431
django__django-13837	mural	20	20	7	3	4	4014
django__django-13925	mural	18	18	8	5	3	4285
django__django-13933	mural	20	20	6	4	2	4276
django__django-13964	mural	16	16	8	5	3	4059
django__django-14007	mural	18	18	8	6	2	4598
django__django-14011	mural	14	14	8	4	4	3866
django__django-14017	mural	19	19	8	3	5	4013
django__django-14034	mural	20	20	7	3	4	4071
django__django-14053	mural	20	20	6	4	2	4298
django__django-14089	mural	19	19	7	3	4	2995
django__django-14122	mural	17	17	6	6	0	3944
django__django-14140	mural	19	19	8	4	4	4577
django__django-14155	mural	20	20	7	5	2	3706
django__django-14170	mural	15	15	4	2	2	2796
django__django-14238	mural	20	20	6	4	2	4265
django__django-14311	mural	18	18	8	5	3	4004
django__django-14315	mural	20	20	8	4	4	3864
django__django-14349	mural	19	19	8	5	3	4403
django__django-14351	mural	17	17	7	5	2	4874
django__django-14373	mural	20	20	1	1	0	2564
django__django-14376	mural	20	20	8	4	4	4099
django__django-14404	mural	19	19	4	4	0	2712
django__django-14434	mural	16	16	6	4	2	3299
django__django-14493	mural	20	20	4	2	2	3418
django__django-14500	mural	16	16	8	5	3	3660
django__django-14534	mural	20	20	7	5	2	3803
django__django-14539	mural	17	17	8	5	3	3734
django__django-14559	mural	20	20	7	2	5	3919
django__django-14580	mural	18	18	6	4	2	4981
django__django-14608	mural	18	18	8	5	3	3753
django__django-14631	mural	19	19	7	3	4	3503
django__django-14672	mural	20	20	5	2	3	4745
django__django-14725	mural	19	19	6	4	2	3157
django__django-14752	mural	19	19	5	3	2	3670
django__django-14765	mural	18	18	8	5	3	3776
django__django-14771	mural	20	20	8	4	4	3905
django__django-14787	mural	20	20	8	3	5	3379
django__django-14792	mural	18	18	8	4	4	3622
django__django-14855	mural	18	18	8	6	2	4253
django__django-14915	mural	16	16	7	5	2	3786
django__django-14999	mural	19	19	8	2	6	3783
django__django-15022	mural	18	18	6	3	3	3187
django__django-15037	mural	19	19	6	4	2	3621
django__django-15098	mural	18	18	6	4	2	4754
django__django-15103	mural	17	17	7	4	3	2441
django__django-15104	mural	20	20	4	2	2	3880
django__django-15127	mural	14	14	8	4	4	2867
django__django-15128	mural	19	19	5	3	2	3699
django__django-15161	mural	10	10	4	4	0	2382
django__django-15252	mural	20	20	7	1	6	4006
django__django-15268	mural	19	19	8	4	4	4528
django__django-15277	mural	19	19	8	6	2	4756
django__django-15278	mural	18	18	7	6	1	4213
django__django-15280	mural	17	17	8	5	3	4631
django__django-15315	mural	19	19	8	5	3	3311
django__django-15368	mural	20	20	8	4	4	4121
django__django-15375	mural	18	18	6	4	2	3866
django__django-15380	mural	19	19	4	2	2	3694
django__django-15382	mural	17	17	7	4	3	3217
django__django-15467	mural	20	20	6	2	4	2819
django__django-15499	mural	19	19	5	3	2	3587
django__django-15503	mural	14	14	8	5	3	3450
django__django-15525	mural	19	19	2	1	1	4766
django__django-15554	mural	17	17	7	6	1	3489
django__django-15561	mural	16	16	8	4	4	4204
django__django-15563	mural	19	19	8	4	4	3950
django__django-15569	mural	20	20	6	2	4	3710
django__django-15572	mural	18	18	8	4	4	4561
django__django-15629	mural	17	17	6	4	2	4312
django__django-15695	mural	18	18	7	3	4	4217
django__django-15731	mural	19	19	8	5	3	3507
django__django-15732	mural	16	16	8	7	1	3497
django__django-15741	mural	19	19	6	3	3	3312
django__django-15814	mural	18	18	6	4	2	3919
django__django-15851	mural	19	19	8	4	4	4228
django__django-15863	mural	20	20	8	4	4	4505
django__django-15916	mural	18	18	7	4	3	4239
django__django-15930	mural	15	15	5	4	1	3500
django__django-15957	mural	15	15	6	4	2	3482
django__django-15973	mural	19	17	2	1	1	4885
django__django-15987	mural	17	17	8	5	3	2805
django__django-16032	mural	18	18	6	6	0	3716
django__django-16082	mural	16	16	4	2	2	3691
django__django-16100	mural	19	19	5	3	2	3040
django__django-16116	mural	20	20	8	4	4	4354
django__django-16136	mural	19	19	8	4	4	4455
django__django-16139	mural	20	20	8	4	4	4291
django__django-16145	mural	19	19	8	3	5	4133
django__django-16255	mural	20	20	4	2	2	3714
django__django-16256	mural	12	12	5	3	2	3462
django__django-16263	mural	19	19	6	3	3	2974
django__django-16315	mural	18	18	8	3	5	3983
django__django-16333	mural	19	19	8	4	4	4487
django__django-16429	mural	20	20	8	5	3	4239
django__django-16454	mural	18	18	8	6	2	4267
django__django-16485	mural	20	20	5	3	2	2985
django__django-16493	mural	19	19	8	5	3	4652
django__django-16502	mural	16	16	4	4	0	4732
django__django-16527	mural	20	20	5	3	2	3170
django__django-16560	mural	18	18	6	2	4	3715
django__django-16569	mural	20	20	7	4	3	3664
django__django-16595	mural	20	20	6	3	3	4245
django__django-16612	mural	20	20	4	2	2	2581
django__django-16631	mural	20	20	8	4	4	3842
django__django-16642	mural	14	14	8	6	2	3404
django__django-16661	mural	20	20	6	6	0	3671
django__django-16662	mural	15	15	8	4	4	3424
django__django-16667	mural	20	20	4	2	2	3822
django__django-16801	mural	19	19	8	2	6	3928
django__django-16819	mural	17	17	5	3	2	3355
django__django-16877	mural	16	16	8	6	2	2927
django__django-16899	mural	20	20	8	4	4	3268
django__django-16901	mural	14	14	8	5	3	3776
django__django-16938	mural	19	19	8	5	3	4968
django__django-16950	mural	18	18	8	5	3	3823
django__django-17029	mural	20	20	6	2	4	3475
django__django-17084	mural	15	15	8	6	2	3547
django__django-17087	mural	15	15	6	5	1	3574
django__django-7530	mural	17	17	8	4	4	3985
django__django-9296	mural	20	20	2	2	0	2812
matplotlib__matplotlib-13989	mural	20	20	6	4	2	4677
matplotlib__matplotlib-14623	mural	16	16	8	4	4	4506
matplotlib__matplotlib-20488	mural	20	20	6	4	2	4517
matplotlib__matplotlib-20676	mural	13	13	4	2	2	3029
matplotlib__matplotlib-20826	mural	16	16	7	6	1	3816
matplotlib__matplotlib-20859	mural	20	20	5	3	2	4164
matplotlib__matplotlib-21568	mural	13	13	7	5	2	3504
matplotlib__matplotlib-22719	mural	20	10	2	2	0	4786
matplotlib__matplotlib-22865	mural	16	16	8	4	4	3982
matplotlib__matplotlib-22871	mural	20	20	5	2	3	3563
matplotlib__matplotlib-23299	mural	20	20	8	4	4	4992
matplotlib__matplotlib-23314	mural	20	20	8	5	3	3530
matplotlib__matplotlib-23412	mural	18	18	8	4	4	4485
matplotlib__matplotlib-23476	mural	17	17	7	3	4	4235
matplotlib__matplotlib-24026	mural	20	0	0	0	0	1322
matplotlib__matplotlib-24149	mural	20	20	8	5	3	4401
matplotlib__matplotlib-24177	mural	16	16	8	6	2	4245
matplotlib__matplotlib-24570	mural	20	20	8	5	3	4359
matplotlib__matplotlib-24627	mural	15	15	8	5	3	3631
matplotlib__matplotlib-24637	mural	19	19	8	3	5	4623
matplotlib__matplotlib-24870	mural	19	11	2	2	0	4143
matplotlib__matplotlib-24970	mural	20	20	8	4	4	4014
matplotlib__matplotlib-25122	mural	20	20	4	2	2	3576
matplotlib__matplotlib-25287	mural	18	6	2	2	0	2793
matplotlib__matplotlib-25311	mural	11	11	5	5	0	4653
matplotlib__matplotlib-25332	mural	19	19	8	6	2	4137
matplotlib__matplotlib-25479	mural	19	19	6	4	2	4771
matplotlib__matplotlib-25775	mural	16	16	8	6	2	4063
matplotlib__matplotlib-25960	mural	17	17	6	4	2	3891
matplotlib__matplotlib-26113	mural	20	20	4	1	3	4986
matplotlib__matplotlib-26208	mural	18	18	7	5	2	4255
matplotlib__matplotlib-26291	mural	12	12	4	2	2	4090
matplotlib__matplotlib-26342	mural	20	20	8	4	4	3670
matplotlib__matplotlib-26466	mural	20	10	2	2	0	4704
mwaskom__seaborn-3069	mural	15	15	6	4	2	3617
mwaskom__seaborn-3187	mural	14	12	2	2	0	4967
pallets__flask-5014	mural	16	16	6	3	3	3450
psf__requests-1142	mural	19	19	7	5	2	3387
psf__requests-1724	mural	20	20	8	6	2	4841
psf__requests-1766	mural	14	14	8	5	3	3551
psf__requests-1921	mural	20	20	8	5	3	3492
psf__requests-2317	mural	19	19	8	5	3	4114
psf__requests-2931	mural	19	19	6	4	2	2954
psf__requests-5414	mural	20	20	8	2	6	4176
psf__requests-6028	mural	18	18	8	7	1	4130
pydata__xarray-2905	mural	18	18	8	4	4	4023
pydata__xarray-3095	mural	19	19	8	6	2	4494
pydata__xarray-3151	mural	19	19	6	2	4	4342
pydata__xarray-3305	mural	20	20	8	5	3	4599
pydata__xarray-3677	mural	20	20	8	6	2	4468
pydata__xarray-3993	mural	20	20	7	4	3	4192
pydata__xarray-4075	mural	16	16	7	2	5	4266
pydata__xarray-4094	mural	18	18	6	4	2	4241
pydata__xarray-4356	mural	16	16	8	5	3	3996
pydata__xarray-4629	mural	20	20	8	5	3	4656
pydata__xarray-4687	mural	18	18	6	5	1	4623
pydata__xarray-4695	mural	16	16	8	6	2	4618
pydata__xarray-4966	mural	19	19	6	5	1	4844
pydata__xarray-6461	mural	20	20	8	5	3	4595
pydata__xarray-6599	mural	15	15	6	4	2	3933
pydata__xarray-6721	mural	20	20	8	5	3	4638
pydata__xarray-6744	mural	18	18	6	3	3	3842
pydata__xarray-6938	mural	14	14	8	5	3	4718
pydata__xarray-6992	mural	17	17	5	2	3	3402
pydata__xarray-7229	mural	17	17	8	6	2	4949
pydata__xarray-7233	mural	17	17	8	4	4	4758
pydata__xarray-7393	mural	17	17	8	6	2	4998
pylint-dev__pylint-4551	mural	15	0	0	0	0	930
pylint-dev__pylint-4604	mural	16	0	0	0	0	898
pylint-dev__pylint-4661	mural	10	8	1	1	0	4878
pylint-dev__pylint-4970	mural	14	5	2	2	0	3074
pylint-dev__pylint-6386	mural	17	7	2	2	0	3174
pylint-dev__pylint-6528	mural	20	18	2	1	1	4993
pylint-dev__pylint-6903	mural	20	20	8	6	2	4480
pylint-dev__pylint-7080	mural	14	12	2	1	1	4726
pylint-dev__pylint-7277	mural	19	5	2	2	0	4005
pylint-dev__pylint-8898	mural	18	14	2	2	0	4867
pytest-dev__pytest-10051	mural	20	20	4	2	2	3460
pytest-dev__pytest-10081	mural	17	17	6	3	3	4693
pytest-dev__pytest-10356	mural	13	13	7	6	1	4175
pytest-dev__pytest-5262	mural	17	17	3	2	1	3543
pytest-dev__pytest-5631	mural	19	19	8	5	3	4301
pytest-dev__pytest-5787	mural	10	10	4	4	0	2871
pytest-dev__pytest-5809	mural	20	20	8	5	3	3908
pytest-dev__pytest-5840	mural	14	14	8	6	2	3634
pytest-dev__pytest-6197	mural	16	16	8	6	2	4514
pytest-dev__pytest-6202	mural	19	19	7	4	3	4303
pytest-dev__pytest-7205	mural	20	20	8	4	4	4575
pytest-dev__pytest-7236	mural	17	17	8	5	3	4320
pytest-dev__pytest-7324	mural	16	16	8	6	2	3723
pytest-dev__pytest-7432	mural	19	19	6	2	4	3346
pytest-dev__pytest-7490	mural	18	18	8	6	2	4474
pytest-dev__pytest-7521	mural	14	14	6	3	3	4049
pytest-dev__pytest-7571	mural	18	18	4	2	2	2931
pytest-dev__pytest-7982	mural	15	15	8	6	2	3157
pytest-dev__pytest-8399	mural	10	10	4	4	0	2757
scikit-learn__scikit-learn-10297	mural	20	20	4	2	2	4082
scikit-learn__scikit-learn-10844	mural	20	20	6	2	4	4566
scikit-learn__scikit-learn-10908	mural	20	20	5	3	2	3831
scikit-learn__scikit-learn-11310	mural	20	20	6	4	2	4566
scikit-learn__scikit-learn-11578	mural	20	18	2	2	0	4667
scikit-learn__scikit-learn-12585	mural	20	20	7	3	4	4200
scikit-learn__scikit-learn-12682	mural	15	15	8	5	3	4849
scikit-learn__scikit-learn-12973	mural	20	20	8	6	2	4984
scikit-learn__scikit-learn-13124	mural	20	20	4	2	2	4908
scikit-learn__scikit-learn-13135	mural	20	20	4	3	1	4639
scikit-learn__scikit-learn-13142	mural	12	12	6	4	2	4638
scikit-learn__scikit-learn-13328	mural	20	20	2	1	1	4684
scikit-learn__scikit-learn-13439	mural	19	19	4	2	2	3084
scikit-learn__scikit-learn-13496	mural	16	16	8	6	2	4420
scikit-learn__scikit-learn-13779	mural	17	17	7	3	4	3578
scikit-learn__scikit-learn-14053	mural	18	18	5	2	3	4371
scikit-learn__scikit-learn-14087	mural	20	20	4	2	2	4380
scikit-learn__scikit-learn-14141	mural	17	17	7	5	2	2473
scikit-learn__scikit-learn-14496	mural	20	20	6	2	4	4733
scikit-learn__scikit-learn-14629	mural	19	19	6	3	3	4924
scikit-learn__scikit-learn-14710	mural	20	20	4	2	2	4622
scikit-learn__scikit-learn-14894	mural	20	20	8	3	5	4791
scikit-learn__scikit-learn-14983	mural	18	18	7	3	4	4868
scikit-learn__scikit-learn-15100	mural	20	20	4	2	2	3567
scikit-learn__scikit-learn-25102	mural	15	15	8	6	2	4257
scikit-learn__scikit-learn-25232	mural	20	20	8	4	4	4346
scikit-learn__scikit-learn-25747	mural	19	19	6	3	3	4954
scikit-learn__scikit-learn-25931	mural	19	19	6	4	2	4823
scikit-learn__scikit-learn-25973	mural	20	20	7	4	3	4495
scikit-learn__scikit-learn-26194	mural	20	20	5	3	2	3949
scikit-learn__scikit-learn-26323	mural	19	19	8	4	4	4414
scikit-learn__scikit-learn-9288	mural	13	13	4	2	2	3690
sphinx-doc__sphinx-10323	mural	15	15	8	5	3	4220
sphinx-doc__sphinx-10435	mural	18	12	2	2	0	4228
sphinx-doc__sphinx-10449	mural	16	16	6	4	2	4149
sphinx-doc__sphinx-10466	mural	18	18	5	2	3	3622
sphinx-doc__sphinx-10614	mural	14	14	7	5	2	4118
sphinx-doc__sphinx-10673	mural	18	18	8	5	3	4702
sphinx-doc__sphinx-11445	mural	17	17	7	5	2	4000
sphinx-doc__sphinx-11510	mural	15	15	7	4	3	4563
sphinx-doc__sphinx-7440	mural	19	0	0	0	0	949
sphinx-doc__sphinx-7454	mural	16	16	6	4	2	3859
sphinx-doc__sphinx-7462	mural	19	19	8	5	3	4656
sphinx-doc__sphinx-7590	mural	15	15	8	4	4	3666
sphinx-doc__sphinx-7748	mural	17	17	6	3	3	3528
sphinx-doc__sphinx-7757	mural	11	11	5	4	1	3816
sphinx-doc__sphinx-7889	mural	15	15	8	6	2	4130
sphinx-doc__sphinx-7910	mural	17	17	8	6	2	4448
sphinx-doc__sphinx-7985	mural	16	16	6	4	2	4696
sphinx-doc__sphinx-8035	mural	17	17	4	2	2	3490
sphinx-doc__sphinx-8056	mural	18	18	8	4	4	3934
sphinx-doc__sphinx-8120	mural	17	17	8	7	1	3823
sphinx-doc__sphinx-8265	mural	18	18	6	5	1	3914
sphinx-doc__sphinx-8269	mural	17	17	8	5	3	4231
sphinx-doc__sphinx-8459	mural	19	19	8	6	2	3994
sphinx-doc__sphinx-8475	mural	16	6	2	2	0	4001
sphinx-doc__sphinx-8548	mural	13	13	7	5	2	3699
sphinx-doc__sphinx-8551	mural	17	17	4	2	2	4587
sphinx-doc__sphinx-8593	mural	18	18	5	3	2	3628
sphinx-doc__sphinx-8595	mural	19	19	6	4	2	3874
sphinx-doc__sphinx-8621	mural	15	15	7	5	2	4662
sphinx-doc__sphinx-8638	mural	16	16	4	3	1	4956
sphinx-doc__sphinx-8721	mural	20	20	6	2	4	4667
sphinx-doc__sphinx-9229	mural	19	19	6	4	2	4414
sphinx-doc__sphinx-9230	mural	15	15	7	4	3	4112
sphinx-doc__sphinx-9258	mural	15	15	6	4	2	4760
sphinx-doc__sphinx-9281	mural	16	16	6	3	3	4687
sphinx-doc__sphinx-9320	mural	19	19	6	3	3	3846
sphinx-doc__sphinx-9367	mural	19	19	8	6	2	3741
sphinx-doc__sphinx-9461	mural	14	14	7	4	3	4100
sphinx-doc__sphinx-9591	mural	15	15	8	5	3	4261
sphinx-doc__sphinx-9602	mural	16	16	8	4	4	4982
sphinx-doc__sphinx-9658	mural	13	13	6	4	2	3262
sphinx-doc__sphinx-9673	mural	17	17	6	4	2	3703
sphinx-doc__sphinx-9698	mural	20	20	6	4	2	4714
sphinx-doc__sphinx-9711	mural	20	20	7	5	2	4831
sympy__sympy-11618	mural	18	18	8	5	3	3718
sympy__sympy-12096	mural	18	18	8	5	3	4008
sympy__sympy-12419	mural	16	16	8	5	3	3973
sympy__sympy-12481	mural	20	20	7	3	4	3574
sympy__sympy-12489	mural	20	20	8	5	3	4536
sympy__sympy-13031	mural	14	14	7	4	3	3384
sympy__sympy-13091	mural	14	14	8	6	2	3464
sympy__sympy-13372	mural	20	20	4	2	2	3160
sympy__sympy-13480	mural	20	20	8	5	3	4362
sympy__sympy-13551	mural	19	19	8	6	2	3866
sympy__sympy-13615	mural	15	15	7	3	4	3256
sympy__sympy-13647	mural	20	20	8	4	4	3955
sympy__sympy-13757	mural	11	11	5	4	1	2707
sympy__sympy-13798	mural	20	20	6	3	3	4939
sympy__sympy-13852	mural	12	12	6	4	2	3682
sympy__sympy-13877	mural	19	19	6	3	3	4689
sympy__sympy-13878	mural	20	20	6	4	2	4008
sympy__sympy-13974	mural	18	18	6	2	4	3586
sympy__sympy-14248	mural	17	17	6	4	2	3139
sympy__sympy-14531	mural	17	17	5	3	2	2444
sympy__sympy-14711	mural	20	20	8	4	4	3296
sympy__sympy-14976	mural	20	20	8	5	3	3983
sympy__sympy-15017	mural	17	17	4	2	2	2505
sympy__sympy-15345	mural	15	15	6	4	2	3255
sympy__sympy-15349	mural	20	20	8	4	4	3809
sympy__sympy-15599	mural	19	19	8	5	3	4459
sympy__sympy-15809	mural	16	16	6	4	2	3127
sympy__sympy-15875	mural	18	18	8	4	4	3020
sympy__sympy-15976	mural	14	14	5	3	2	3815
sympy__sympy-16450	mural	18	18	8	5	3	4449
sympy__sympy-16597	mural	14	14	8	5	3	3518
sympy__sympy-16766	mural	14	14	8	6	2	2967
sympy__sympy-16792	mural	16	16	6	4	2	4251
sympy__sympy-16886	mural	19	19	6	2	4	3748
sympy__sympy-17139	mural	20	20	8	4	4	4622
sympy__sympy-17318	mural	20	20	8	6	2	4776
sympy__sympy-17630	mural	20	20	4	2	2	3466
sympy__sympy-17655	mural	19	19	5	3	2	3402
sympy__sympy-18189	mural	18	18	8	5	3	4650
sympy__sympy-18199	mural	18	18	8	4	4	4428
sympy__sympy-18211	mural	18	18	8	6	2	4250
sympy__sympy-18698	mural	16	16	5	3	2	2899
sympy__sympy-18763	mural	16	16	8	6	2	3375
sympy__sympy-19040	mural	18	18	8	5	3	4609
sympy__sympy-19346	mural	17	9	2	2	0	1609
sympy__sympy-19495	mural	15	15	8	5	3	4352
sympy__sympy-19637	mural	20	20	8	6	2	4333
sympy__sympy-19783	mural	13	13	3	2	1	2752
sympy__sympy-19954	mural	20	20	5	3	2	4105
sympy__sympy-20154	mural	20	20	6	2	4	3788
sympy__sympy-20428	mural	19	19	8	6	2	4474
sympy__sympy-20438	mural	18	18	8	4	4	4432
sympy__sympy-20590	mural	10	3	1	1	0	1597
sympy__sympy-20801	mural	17	17	8	4	4	4170
sympy__sympy-20916	mural	16	16	6	4	2	3283
sympy__sympy-21379	mural	17	17	8	4	4	4215
sympy__sympy-21596	mural	16	16	8	5	3	3611
sympy__sympy-21612	mural	15	15	6	4	2	3521
sympy__sympy-21847	mural	17	17	8	4	4	3874
sympy__sympy-21930	mural	18	18	8	4	4	3965
sympy__sympy-22080	mural	15	15	7	4	3	3939
sympy__sympy-22456	mural	11	11	3	2	1	2056
sympy__sympy-22714	mural	20	20	8	5	3	4849
sympy__sympy-22914	mural	19	19	7	2	5	3741
sympy__sympy-23262	mural	14	6	2	2	0	1535
sympy__sympy-23413	mural	20	20	8	4	4	4179
sympy__sympy-23534	mural	20	20	8	4	4	4093
sympy__sympy-23824	mural	20	20	6	2	4	4204
sympy__sympy-23950	mural	20	20	7	3	4	3889
sympy__sympy-24066	mural	18	18	8	4	4	4152
sympy__sympy-24213	mural	20	20	8	5	3	4120
sympy__sympy-24443	mural	20	20	4	2	2	3709
sympy__sympy-24539	mural	20	20	8	4	4	3568
sympy__sympy-24562	mural	18	18	8	3	5	4055
sympy__sympy-24661	mural	20	20	8	4	4	4296
