instance_id	variant	nonempty	applied	resolved	error
astropy__astropy-12907	issue	0	0	0	none
astropy__astropy-13033	issue	1	1	0	none
astropy__astropy-13236	issue	1	1	0	none
astropy__astropy-13398	issue	0	0	0	none
astropy__astropy-13453	issue	1	1	0	none
astropy__astropy-13579	issue	0	0	0	none
astropy__astropy-13977	issue	1	1	0	none
astropy__astropy-14096	issue	1	1	0	none
astropy__astropy-14182	issue	1	1	0	none
astropy__astropy-14309	issue	1	1	1	none
astropy__astropy-14365	issue	0	0	0	none
astropy__astropy-14369	issue	1	1	0	none
astropy__astropy-14508	issue	1	1	1	none
astropy__astropy-14539	issue	0	0	0	none
astropy__astropy-14598	issue	1	1	0	none
astropy__astropy-14995	issue	0	0	0	none
astropy__astropy-7166	issue	0	0	0	none
astropy__astropy-7336	issue	0	0	0	none
astropy__astropy-7606	issue	1	1	0	none
astropy__astropy-7671	issue	1	1	0	none
astropy__astropy-8707	issue	1	1	0	none
astropy__astropy-8872	issue	1	1	0	none
django__django-10097	issue	1	1	0	none
django__django-10554	issue	1	1	0	none
django__django-10880	issue	1	1	0	none
django__django-10914	issue	0	0	0	none
django__django-10973	issue	1	1	0	none
django__django-10999	issue	1	1	0	none
django__django-11066	issue	1	1	1	none
django__django-11087	issue	1	1	0	none
django__django-11095	issue	1	1	1	none
django__django-11099	issue	1	1	1	none
django__django-11119	issue	1	1	1	none
django__django-11133	issue	1	1	0	none
django__django-11138	issue	1	1	0	none
django__django-11141	issue	1	1	0	none
django__django-11149	issue	1	1	0	none
django__django-11163	issue	1	1	1	none
django__django-11179	issue	1	1	1	none
django__django-11206	issue	1	1	0	none
django__django-11211	issue	1	1	0	none
django__django-11239	issue	1	1	0	none
django__django-11265	issue	0	0	0	none
django__django-11276	issue	1	1	0	none
django__django-11292	issue	1	1	0	none
django__django-11299	issue	1	1	0	none
django__django-11333	issue	1	1	0	none
django__django-11400	issue	1	1	0	none
django__django-11433	issue	1	1	0	none
django__django-11451	issue	1	1	1	none
django__django-11477	issue	1	1	0	none
django__django-11490	issue	1	1	0	none
django__django-11532	issue	1	1	0	none
django__django-11551	issue	1	1	1	none
django__django-11555	issue	1	1	0	none
django__django-11603	issue	0	0	0	none
django__django-11728	issue	0	0	0	none
django__django-11734	issue	1	1	0	none
django__django-11740	issue	1	1	0	none
django__django-11749	issue	0	0	0	none
django__django-11790	issue	1	1	1	none
django__django-11815	issue	1	1	1	none
django__django-11820	issue	1	1	0	none
django__django-11848	issue	1	1	0	none
django__django-11880	issue	1	1	1	none
django__django-11885	issue	1	1	0	none
django__django-11951	issue	0	0	0	none
django__django-11964	issue	0	0	0	none
django__django-11999	issue	1	1	0	none
django__django-12039	issue	1	1	0	none
django__django-12050	issue	1	1	1	none
django__django-12125	issue	1	1	1	none
django__django-12143	issue	1	1	1	none
django__django-12155	issue	1	1	1	none
django__django-12193	issue	1	1	1	none
django__django-12209	issue	0	0	0	none
django__django-12262	issue	0	0	0	none
django__django-12273	issue	0	0	0	none
django__django-12276	issue	1	1	0	none
django__django-12304	issue	0	0	0	none
django__django-12308	issue	1	1	0	none
django__django-12325	issue	1	1	0	none
django__django-12406	issue	1	1	0	none
django__django-12419	issue	1	1	1	none
django__django-12663	issue	1	1	0	none
django__django-12708	issue	0	0	0	none
django__django-12713	issue	1	1	1	none
django__django-12741	issue	1	1	0	none
django__django-12754	issue	0	0	0	none
django__django-12774	issue	0	0	0	none
django__django-12858	issue	1	1	0	none
django__django-12965	issue	1	1	0	none
django__django-13012	issue	1	1	1	none
django__django-13023	issue	1	1	0	none
django__django-13028	issue	0	0	0	none
django__django-13033	issue	1	1	1	none
django__django-13089	issue	1	1	1	none
django__django-13109	issue	1	1	1	none
django__django-13112	issue	1	1	0	none
django__django-13121	issue	1	1	0	none
django__django-13128	issue	1	1	0	none
django__django-13158	issue	1	1	0	none
django__django-13195	issue	1	1	0	none
django__django-13212	issue	0	0	0	none
django__django-13279	issue	0	0	0	none
django__django-13297	issue	1	1	0	none
django__django-13315	issue	1	1	0	none
django__django-13343	issue	1	1	0	none
django__django-13344	issue	1	1	0	none
django__django-13346	issue	1	1	0	none
django__django-13363	issue	1	1	1	none
django__django-13401	issue	1	1	0	none
django__django-13406	issue	1	1	0	none
django__django-13410	issue	0	0	0	none
django__django-13417	issue	1	1	1	none
django__django-13449	issue	0	0	0	none
django__django-13512	issue	1	1	1	none
django__django-13513	issue	0	0	0	none
django__django-13516	issue	1	1	1	none
django__django-13551	issue	1	1	0	none
django__django-13568	issue	0	0	0	none
django__django-13569	issue	1	1	0	none
django__django-13590	issue	1	1	0	none
django__django-13658	issue	0	0	0	none
django__django-13670	issue	1	1	1	none
django__django-13741	issue	1	1	1	none
django__django-13786	issue	0	0	0	none
django__django-13794	issue	0	0	0	none
django__django-13807	issue	1	1	0	none
django__django-13809	issue	1	1	0	none
django__django-13810	issue	1	1	0	none
django__django-13820	issue	0	0	0	none
django__django-13821	issue	0	0	0	none
django__django-13837	issue	1	1	0	none
django__django-13925	issue	0	0	0	none
django__django-13933	issue	1	1	1	none
django__django-13964	issue	1	1	0	none
django__django-14007	issue	0	0	0	none
django__django-14011	issue	0	0	0	none
django__django-14017	issue	0	0	0	none
django__django-14034	issue	0	0	0	none
django__django-14053	issue	1	1	1	none
django__django-14089	issue	0	0	0	none
django__django-14122	issue	1	1	0	none
django__django-14140	issue	0	0	0	none
django__django-14155	issue	1	1	0	none
django__django-14170	issue	0	0	0	none
django__django-14238	issue	1	1	1	none
django__django-14311	issue	0	0	0	none
django__django-14315	issue	1	1	0	none
django__django-14349	issue	1	1	0	none
django__django-14351	issue	1	1	0	none
django__django-14373	issue	1	1	1	none
django__django-14376	issue	1	1	0	none
django__django-14404	issue	0	0	0	none
django__django-14434	issue	1	1	1	none
django__django-14493	issue	1	1	0	none
django__django-14500	issue	1	1	1	none
django__django-14534	issue	1	1	0	none
django__django-14539	issue	0	0	0	none
django__django-14559	issue	0	0	0	none
django__django-14580	issue	1	1	1	none
django__django-14608	issue	1	1	0	none
django__django-14631	issue	1	1	0	none
django__django-14672	issue	0	0	0	none
django__django-14725	issue	1	1	0	none
django__django-14752	issue	1	1	1	none
django__django-14765	issue	1	1	1	none
django__django-14771	issue	1	1	0	none
django__django-14787	issue	1	1	0	none
django__django-14792	issue	1	1	0	none
django__django-14855	issue	1	1	1	none
django__django-14915	issue	1	1	1	none
django__django-14999	issue	0	0	0	none
django__django-15022	issue	0	0	0	none
django__django-15037	issue	1	1	0	none
django__django-15098	issue	1	1	0	none
django__django-15103	issue	1	1	1	none
django__django-15104	issue	1	1	1	none
django__django-15127	issue	0	0	0	none
django__django-15128	issue	1	1	0	none
django__django-15161	issue	0	0	0	none
django__django-15252	issue	0	0	0	none
django__django-15268	issue	1	1	0	none
django__django-15277	issue	0	0	0	none
django__django-15278	issue	1	1	1	none
django__django-15280	issue	1	1	0	none
django__django-15315	issue	1	1	1	none
django__django-15368	issue	1	1	1	none
django__django-15375	issue	0	0	0	none
django__django-15380	issue	1	1	1	none
django__django-15382	issue	1	1	0	none
django__django-15467	issue	1	1	1	none
django__django-15499	issue	1	1	1	none
django__django-15503	issue	0	0	0	none
django__django-15525	issue	0	0	0	none
django__django-15554	issue	1	1	0	none
django__django-15561	issue	1	1	0	none
django__django-15563	issue	1	1	0	none
django__django-15569	issue	1	1	1	none
django__django-15572	issue	1	1	1	none
django__django-15629	issue	0	0	0	none
django__django-15695	issue	0	0	0	none
django__django-15731	issue	0	0	0	none
django__django-15732	issue	0	0	0	none
django__django-15741	issue	1	1	0	none
django__django-15814	issue	1	1	1	none
django__django-15851	issue	0	0	0	none
django__django-15863	issue	0	0	0	none
django__django-15916	issue	1	1	0	none
django__django-15930	issue	0	0	0	none
django__django-15957	issue	0	0	0	none
django__django-15973	issue	0	0	0	none
django__django-15987	issue	0	0	0	none
django__django-16032	issue	0	0	0	none
django__django-16082	issue	0	0	0	none
django__django-16100	issue	1	1	0	none
django__django-16116	issue	1	1	0	none
django__django-16136	issue	1	1	0	none
django__django-16139	issue	1	1	1	none
django__django-16145	issue	0	0	0	none
django__django-16255	issue	1	1	1	none
django__django-16256	issue	1	1	0	none
django__django-16263	issue	0	0	0	none
django__django-16315	issue	1	1	0	none
django__django-16333	issue	1	1	1	none
django__django-16429	issue	0	0	0	none
django__django-16454	issue	1	1	0	none
django__django-16485	issue	0	0	0	none
django__django-16493	issue	1	1	0	none
django__django-16502	issue	0	0	0	none
django__django-16527	issue	1	1	1	none
django__django-16560	issue	0	0	0	none
django__django-16569	issue	1	1	1	none
django__django-16595	issue	0	0	0	none
django__django-16612	issue	1	1	0	none
django__django-16631	issue	1	1	0	none
django__django-16642	issue	1	1	0	none
django__django-16661	issue	0	0	0	none
django__django-16662	issue	0	0	0	none
django__django-16667	issue	1	1	0	none
django__django-16801	issue	0	0	0	none
django__django-16819	issue	0	0	0	none
django__django-16877	issue	0	0	0	none
django__django-16899	issue	0	0	0	none
django__django-16901	issue	0	0	0	none
django__django-16938	issue	0	0	0	none
django__django-16950	issue	0	0	0	none
django__django-17029	issue	1	1	1	none
django__django-17084	issue	1	1	0	none
django__django-17087	issue	0	0	0	none
django__django-7530	issue	1	0	0	patch_apply_failed
django__django-9296	issue	0	0	0	none
matplotlib__matplotlib-13989	issue	0	0	0	none
matplotlib__matplotlib-14623	issue	1	1	0	none
matplotlib__matplotlib-20488	issue	0	0	0	none
matplotlib__matplotlib-20676	issue	1	1	0	none
matplotlib__matplotlib-20826	issue	1	1	0	none
matplotlib__matplotlib-20859	issue	1	1	0	none
matplotlib__matplotlib-21568	issue	0	0	0	none
matplotlib__matplotlib-22719	issue	0	0	0	none
matplotlib__matplotlib-22865	issue	0	0	0	none
matplotlib__matplotlib-22871	issue	0	0	0	none
matplotlib__matplotlib-23299	issue	0	0	0	none
matplotlib__matplotlib-23314	issue	0	0	0	none
matplotlib__matplotlib-23412	issue	1	1	1	none
matplotlib__matplotlib-23476	issue	1	1	0	none
matplotlib__matplotlib-24026	issue	0	0	0	none
matplotlib__matplotlib-24149	issue	1	1	1	none
matplotlib__matplotlib-24177	issue	1	1	0	none
matplotlib__matplotlib-24570	issue	0	0	0	none
matplotlib__matplotlib-24627	issue	1	1	0	none
matplotlib__matplotlib-24637	issue	0	0	0	none
matplotlib__matplotlib-24870	issue	0	0	0	none
matplotlib__matplotlib-24970	issue	0	0	0	none
matplotlib__matplotlib-25122	issue	1	1	1	none
matplotlib__matplotlib-25287	issue	1	1	1	none
matplotlib__matplotlib-25311	issue	1	1	0	none
matplotlib__matplotlib-25332	issue	1	1	0	none
matplotlib__matplotlib-25479	issue	1	1	0	none
matplotlib__matplotlib-25775	issue	0	0	0	none
matplotlib__matplotlib-25960	issue	1	1	0	none
matplotlib__matplotlib-26113	issue	0	0	0	none
matplotlib__matplotlib-26208	issue	1	1	0	none
matplotlib__matplotlib-26291	issue	1	1	1	none
matplotlib__matplotlib-26342	issue	0	0	0	none
matplotlib__matplotlib-26466	issue	0	0	0	none
mwaskom__seaborn-3069	issue	0	0	0	none
mwaskom__seaborn-3187	issue	0	0	0	none
pallets__flask-5014	issue	0	0	0	none
psf__requests-1142	issue	1	1	1	none
psf__requests-1724	issue	1	1	0	none
psf__requests-1766	issue	0	0	0	none
psf__requests-1921	issue	1	1	0	test_timeout
psf__requests-2317	issue	1	1	0	test_timeout
psf__requests-2931	issue	1	1	0	none
psf__requests-5414	issue	0	0	0	none
psf__requests-6028	issue	1	1	0	none
pydata__xarray-2905	issue	1	1	0	none
pydata__xarray-3095	issue	0	0	0	none
pydata__xarray-3151	issue	1	1	1	none
pydata__xarray-3305	issue	0	0	0	none
pydata__xarray-3677	issue	1	1	1	none
pydata__xarray-3993	issue	1	1	0	none
pydata__xarray-4075	issue	0	0	0	none
pydata__xarray-4094	issue	1	1	0	none
pydata__xarray-4356	issue	0	0	0	none
pydata__xarray-4629	issue	1	1	1	none
pydata__xarray-4687	issue	0	0	0	none
pydata__xarray-4695	issue	1	1	0	none
pydata__xarray-4966	issue	0	0	0	none
pydata__xarray-6461	issue	1	1	1	none
pydata__xarray-6599	issue	0	0	0	none
pydata__xarray-6721	issue	1	1	1	none
pydata__xarray-6744	issue	1	1	0	none
pydata__xarray-6938	issue	0	0	0	none
pydata__xarray-6992	issue	1	1	0	none
pydata__xarray-7229	issue	1	1	0	none
pydata__xarray-7233	issue	1	1	0	none
pydata__xarray-7393	issue	0	0	0	none
pylint-dev__pylint-4551	issue	0	0	0	none
pylint-dev__pylint-4604	issue	1	1	0	none
pylint-dev__pylint-4661	issue	0	0	0	none
pylint-dev__pylint-4970	issue	0	0	0	none
pylint-dev__pylint-6386	issue	1	1	0	none
pylint-dev__pylint-6528	issue	0	0	0	none
pylint-dev__pylint-6903	issue	1	1	1	none
pylint-dev__pylint-7080	issue	0	0	0	none
pylint-dev__pylint-7277	issue	1	1	1	none
pylint-dev__pylint-8898	issue	1	1	0	none
pytest-dev__pytest-10051	issue	0	0	0	none
pytest-dev__pytest-10081	issue	1	1	0	none
pytest-dev__pytest-10356	issue	1	1	0	none
pytest-dev__pytest-5262	issue	0	0	0	none
pytest-dev__pytest-5631	issue	0	0	0	none
pytest-dev__pytest-5787	issue	0	0	0	none
pytest-dev__pytest-5809	issue	1	1	1	none
pytest-dev__pytest-5840	issue	1	1	0	none
pytest-dev__pytest-6197	issue	1	1	0	none
pytest-dev__pytest-6202	issue	1	1	1	none
pytest-dev__pytest-7205	issue	1	1	0	none
pytest-dev__pytest-7236	issue	0	0	0	none
pytest-dev__pytest-7324	issue	1	1	0	none
pytest-dev__pytest-7432	issue	1	1	1	none
pytest-dev__pytest-7490	issue	1	1	0	none
pytest-dev__pytest-7521	issue	0	0	0	none
pytest-dev__pytest-7571	issue	1	1	0	none
pytest-dev__pytest-7982	issue	0	0	0	none
pytest-dev__pytest-8399	issue	0	0	0	none
scikit-learn__scikit-learn-10297	issue	1	1	0	none
scikit-learn__scikit-learn-10844	issue	1	1	1	none
scikit-learn__scikit-learn-10908	issue	1	1	1	none
scikit-learn__scikit-learn-11310	issue	0	0	0	none
scikit-learn__scikit-learn-11578	issue	1	1	1	none
scikit-learn__scikit-learn-12585	issue	1	1	1	none
scikit-learn__scikit-learn-12682	issue	0	0	0	none
scikit-learn__scikit-learn-12973	issue	0	0	0	none
scikit-learn__scikit-learn-13124	issue	0	0	0	none
scikit-learn__scikit-learn-13135	issue	1	1	1	none
scikit-learn__scikit-learn-13142	issue	0	0	0	none
scikit-learn__scikit-learn-13328	issue	0	0	0	none
scikit-learn__scikit-learn-13439	issue	0	0	0	none
scikit-learn__scikit-learn-13496	issue	1	1	0	none
scikit-learn__scikit-learn-13779	issue	0	0	0	none
scikit-learn__scikit-learn-14053	issue	0	0	0	none
scikit-learn__scikit-learn-14087	issue	1	1	0	none
scikit-learn__scikit-learn-14141	issue	1	1	1	none
scikit-learn__scikit-learn-14496	issue	1	1	1	none
scikit-learn__scikit-learn-14629	issue	1	1	1	none
scikit-learn__scikit-learn-14710	issue	0	0	0	none
scikit-learn__scikit-learn-14894	issue	1	1	1	none
scikit-learn__scikit-learn-14983	issue	1	1	0	none
scikit-learn__scikit-learn-15100	issue	1	1	1	none
scikit-learn__scikit-learn-25102	issue	1	1	0	none
scikit-learn__scikit-learn-25232	issue	1	1	0	none
scikit-learn__scikit-learn-25747	issue	1	1	0	none
scikit-learn__scikit-learn-25931	issue	1	1	0	none
scikit-learn__scikit-learn-25973	issue	1	0	0	patch_apply_failed
scikit-learn__scikit-learn-26194	issue	0	0	0	none
scikit-learn__scikit-learn-26323	issue	1	1	0	none
scikit-learn__scikit-learn-9288	issue	0	0	0	none
sphinx-doc__sphinx-10323	issue	1	1	0	none
sphinx-doc__sphinx-10435	issue	1	1	0	none
sphinx-doc__sphinx-10449	issue	1	1	1	none
sphinx-doc__sphinx-10466	issue	1	1	1	none
sphinx-doc__sphinx-10614	issue	1	1	0	none
sphinx-doc__sphinx-10673	issue	1	1	0	none
sphinx-doc__sphinx-11445	issue	1	1	0	none
sphinx-doc__sphinx-11510	issue	1	1	0	none
sphinx-doc__sphinx-7440	issue	1	1	0	none
sphinx-doc__sphinx-7454	issue	1	1	0	none
sphinx-doc__sphinx-7462	issue	0	0	0	none
sphinx-doc__sphinx-7590	issue	1	1	0	none
sphinx-doc__sphinx-7748	issue	0	0	0	none
sphinx-doc__sphinx-7757	issue	1	1	0	none
sphinx-doc__sphinx-7889	issue	1	1	1	none
sphinx-doc__sphinx-7910	issue	1	1	0	none
sphinx-doc__sphinx-7985	issue	1	0	0	patch_apply_failed
sphinx-doc__sphinx-8035	issue	0	0	0	none
sphinx-doc__sphinx-8056	issue	1	1	0	none
sphinx-doc__sphinx-8120	issue	1	1	1	none
sphinx-doc__sphinx-8265	issue	1	1	0	none
sphinx-doc__sphinx-8269	issue	0	0	0	none
sphinx-doc__sphinx-8459	issue	1	1	0	none
sphinx-doc__sphinx-8475	issue	0	0	0	none
sphinx-doc__sphinx-8548	issue	1	1	0	none
sphinx-doc__sphinx-8551	issue	0	0	0	none
sphinx-doc__sphinx-8593	issue	1	1	0	none
sphinx-doc__sphinx-8595	issue	0	0	0	none
sphinx-doc__sphinx-8621	issue	0	0	0	none
sphinx-doc__sphinx-8638	issue	1	1	0	none
sphinx-doc__sphinx-8721	issue	1	1	0	none
sphinx-doc__sphinx-9229	issue	1	1	0	none
sphinx-doc__sphinx-9230	issue	1	1	0	none
sphinx-doc__sphinx-9258	issue	0	0	0	none
sphinx-doc__sphinx-9281	issue	1	1	0	none
sphinx-doc__sphinx-9320	issue	1	1	0	none
sphinx-doc__sphinx-9367	issue	1	1	1	none
sphinx-doc__sphinx-9461	issue	1	1	0	none
sphinx-doc__sphinx-9591	issue	1	1	0	none
sphinx-doc__sphinx-9602	issue	1	1	0	none
sphinx-doc__sphinx-9658	issue	1	1	0	none
sphinx-doc__sphinx-9673	issue	0	0	0	none
sphinx-doc__sphinx-9698	issue	0	0	0	none
sphinx-doc__sphinx-9711	issue	0	0	0	none
sympy__sympy-11618	issue	1	1	0	none
sympy__sympy-12096	issue	0	0	0	none
sympy__sympy-12419	issue	1	1	0	none
sympy__sympy-12481	issue	1	1	1	none
sympy__sympy-12489	issue	1	1	0	none
sympy__sympy-13031	issue	1	1	0	none
sympy__sympy-13091	issue	1	1	0	none
sympy__sympy-13372	issue	1	1	0	none
sympy__sympy-13480	issue	0	0	0	none
sympy__sympy-13551	issue	1	1	0	none
sympy__sympy-13615	issue	1	1	0	none
sympy__sympy-13647	issue	0	0	0	none
sympy__sympy-13757	issue	1	1	0	none
sympy__sympy-13798	issue	1	1	0	none
sympy__sympy-13852	issue	1	1	0	none
sympy__sympy-13877	issue	1	1	1	none
sympy__sympy-13878	issue	0	0	0	none
sympy__sympy-13974	issue	0	0	0	none
sympy__sympy-14248	issue	1	1	0	none
sympy__sympy-14531	issue	1	1	0	none
sympy__sympy-14711	issue	0	0	0	none
sympy__sympy-14976	issue	0	0	0	none
sympy__sympy-15017	issue	1	1	0	none
sympy__sympy-15345	issue	0	0	0	none
sympy__sympy-15349	issue	1	1	0	none
sympy__sympy-15599	issue	1	1	0	none
sympy__sympy-15809	issue	1	1	0	none
sympy__sympy-15875	issue	1	1	0	none
sympy__sympy-15976	issue	0	0	0	none
sympy__sympy-16450	issue	0	0	0	none
sympy__sympy-16597	issue	1	1	0	none
sympy__sympy-16766	issue	1	1	1	none
sympy__sympy-16792	issue	1	1	0	none
sympy__sympy-16886	issue	1	1	1	none
sympy__sympy-17139	issue	1	1	1	none
sympy__sympy-17318	issue	1	1	0	none
sympy__sympy-17630	issue	1	1	0	none
sympy__sympy-17655	issue	1	1	1	none
sympy__sympy-18189	issue	1	1	0	none
sympy__sympy-18199	issue	1	1	0	none
sympy__sympy-18211	issue	1	1	0	none
sympy__sympy-18698	issue	1	1	0	none
sympy__sympy-18763	issue	1	1	0	none
sympy__sympy-19040	issue	1	1	0	none
sympy__sympy-19346	issue	1	1	0	none
sympy__sympy-19495	issue	1	1	1	none
sympy__sympy-19637	issue	1	1	0	none
sympy__sympy-19783	issue	1	1	0	none
sympy__sympy-19954	issue	1	1	1	none
sympy__sympy-20154	issue	1	1	0	none
sympy__sympy-20428	issue	1	1	0	none
sympy__sympy-20438	issue	1	1	0	none
sympy__sympy-20590	issue	0	0	0	none
sympy__sympy-20801	issue	1	1	0	none
sympy__sympy-20916	issue	0	0	0	none
sympy__sympy-21379	issue	1	1	0	none
sympy__sympy-21596	issue	1	1	0	none
sympy__sympy-21612	issue	1	1	0	none
sympy__sympy-21847	issue	1	1	1	none
sympy__sympy-21930	issue	1	1	0	none
sympy__sympy-22080	issue	1	1	0	none
sympy__sympy-22456	issue	0	0	0	none
sympy__sympy-22714	issue	0	0	0	none
sympy__sympy-22914	issue	0	0	0	none
sympy__sympy-23262	issue	0	0	0	none
sympy__sympy-23413	issue	0	0	0	none
sympy__sympy-23534	issue	0	0	0	none
sympy__sympy-23824	issue	1	1	1	none
sympy__sympy-23950	issue	1	0	0	patch_apply_failed
sympy__sympy-24066	issue	1	1	0	none
sympy__sympy-24213	issue	0	0	0	none
sympy__sympy-24443	issue	0	0	0	none
sympy__sympy-24539	issue	1	1	1	none
sympy__sympy-24562	issue	1	1	0	none
sympy__sympy-24661	issue	1	1	0	none
astropy__astropy-12907	bm25	1	1	0	none
astropy__astropy-13033	bm25	1	1	0	none
astropy__astropy-13236	bm25	1	1	0	none
astropy__astropy-13398	bm25	1	1	0	none
astropy__astropy-13453	bm25	1	1	0	none
astropy__astropy-13579	bm25	1	1	0	none
astropy__astropy-13977	bm25	0	0	0	none
astropy__astropy-14096	bm25	1	1	0	none
astropy__astropy-14182	bm25	1	1	0	none
astropy__astropy-14309	bm25	1	1	1	none
astropy__astropy-14365	bm25	1	1	0	none
astropy__astropy-14369	bm25	1	1	0	none
astropy__astropy-14508	bm25	1	1	0	none
astropy__astropy-14539	bm25	0	0	0	none
astropy__astropy-14598	bm25	1	1	0	none
astropy__astropy-14995	bm25	0	0	0	none
astropy__astropy-7166	bm25	0	0	0	none
astropy__astropy-7336	bm25	1	1	1	none
astropy__astropy-7606	bm25	1	1	0	none
astropy__astropy-7671	bm25	1	1	0	none
astropy__astropy-8707	bm25	0	0	0	none
astropy__astropy-8872	bm25	1	1	0	none
django__django-10097	bm25	1	1	0	none
django__django-10554	bm25	1	1	0	none
django__django-10880	bm25	0	0	0	none
django__django-10914	bm25	1	1	1	none
django__django-10973	bm25	1	1	1	none
django__django-10999	bm25	1	1	0	none
django__django-11066	bm25	1	1	1	none
django__django-11087	bm25	1	1	0	none
django__django-11095	bm25	1	1	1	none
django__django-11099	bm25	1	1	0	none
django__django-11119	bm25	1	1	1	none
django__django-11133	bm25	1	1	0	none
django__django-11138	bm25	1	1	0	none
django__django-11141	bm25	1	1	0	none
django__django-11149	bm25	1	1	0	none
django__django-11163	bm25	1	1	1	none
django__django-11179	bm25	1	1	1	none
django__django-11206	bm25	1	1	0	none
django__django-11211	bm25	1	1	0	none
django__django-11239	bm25	1	1	0	none
django__django-11265	bm25	1	1	0	none
django__django-11276	bm25	1	1	0	none
django__django-11292	bm25	1	1	0	none
django__django-11299	bm25	1	1	0	none
django__django-11333	bm25	1	1	0	none
django__django-11400	bm25	1	1	0	none
django__django-11433	bm25	1	1	0	none
django__django-11451	bm25	1	1	1	none
django__django-11477	bm25	1	1	0	none
django__django-11490	bm25	1	1	1	none
django__django-11532	bm25	1	1	0	none
django__django-11551	bm25	1	1	1	none
django__django-11555	bm25	1	1	0	none
django__django-11603	bm25	1	1	0	none
django__django-11728	bm25	1	1	0	none
django__django-11734	bm25	1	1	0	none
django__django-11740	bm25	1	1	0	none
django__django-11749	bm25	0	0	0	none
django__django-11790	bm25	1	1	1	none
django__django-11815	bm25	1	1	1	none
django__django-11820	bm25	1	1	0	none
django__django-11848	bm25	1	1	0	none
django__django-11880	bm25	1	1	1	none
django__django-11885	bm25	1	1	0	none
django__django-11951	bm25	1	1	0	none
django__django-11964	bm25	0	0	0	none
django__django-11999	bm25	1	1	1	none
django__django-12039	bm25	1	1	0	none
django__django-12050	bm25	1	1	1	none
django__django-12125	bm25	1	1	1	none
django__django-12143	bm25	1	1	1	none
django__django-12155	bm25	1	1	1	none
django__django-12193	bm25	1	1	1	none
django__django-12209	bm25	1	1	0	none
django__django-12262	bm25	0	0	0	none
django__django-12273	bm25	1	1	0	none
django__django-12276	bm25	1	1	0	none
django__django-12304	bm25	1	1	0	none
django__django-12308	bm25	1	1	0	none
django__django-12325	bm25	1	1	0	none
django__django-12406	bm25	1	1	0	none
django__django-12419	bm25	1	1	1	none
django__django-12663	bm25	1	1	0	none
django__django-12708	bm25	0	0	0	none
django__django-12713	bm25	1	1	1	none
django__django-12741	bm25	1	1	0	none
django__django-12754	bm25	1	1	0	none
django__django-12774	bm25	1	1	0	none
django__django-12858	bm25	1	1	0	none
django__django-12965	bm25	0	0	0	none
django__django-13012	bm25	1	1	0	none
django__django-13023	bm25	1	1	0	none
django__django-13028	bm25	0	0	0	none
django__django-13033	bm25	1	1	0	none
django__django-13089	bm25	1	1	0	none
django__django-13109	bm25	1	1	1	none
django__django-13112	bm25	1	1	0	none
django__django-13121	bm25	1	1	0	none
django__django-13128	bm25	0	0	0	none
django__django-13158	bm25	1	1	1	none
django__django-13195	bm25	1	1	0	none
django__django-13212	bm25	1	1	0	none
django__django-13279	bm25	1	1	0	none
django__django-13297	bm25	1	1	0	none
django__django-13315	bm25	1	1	0	none
django__django-13343	bm25	1	1	0	none
django__django-13344	bm25	1	1	0	none
django__django-13346	bm25	1	1	0	none
django__django-13363	bm25	1	1	1	none
django__django-13401	bm25	1	1	0	none
django__django-13406	bm25	1	1	0	none
django__django-13410	bm25	0	0	0	none
django__django-13417	bm25	1	1	1	none
django__django-13449	bm25	1	0	0	patch_apply_failed
django__django-13512	bm25	1	1	1	none
django__django-13513	bm25	0	0	0	none
django__django-13516	bm25	1	1	1	none
django__django-13551	bm25	0	0	0	none
django__django-13568	bm25	1	1	1	none
django__django-13569	bm25	0	0	0	none
django__django-13590	bm25	1	1	0	none
django__django-13658	bm25	1	1	1	none
django__django-13670	bm25	1	1	1	none
django__django-13741	bm25	1	1	1	none
django__django-13786	bm25	0	0	0	none
django__django-13794	bm25	1	1	0	none
django__django-13807	bm25	1	1	0	none
django__django-13809	bm25	0	0	0	none
django__django-13810	bm25	1	1	1	none
django__django-13820	bm25	1	1	0	none
django__django-13821	bm25	1	1	1	none
django__django-13837	bm25	1	1	0	none
django__django-13925	bm25	0	0	0	none
django__django-13933	bm25	1	1	1	none
django__django-13964	bm25	1	1	0	none
django__django-14007	bm25	1	1	0	none
django__django-14011	bm25	0	0	0	none
django__django-14017	bm25	1	1	0	none
django__django-14034	bm25	0	0	0	none
django__django-14053	bm25	0	0	0	none
django__django-14089	bm25	1	1	0	none
django__django-14122	bm25	1	1	0	none
django__django-14140	bm25	1	1	0	none
django__django-14155	bm25	1	1	0	none
django__django-14170	bm25	0	0	0	none
django__django-14238	bm25	1	1	0	none
django__django-14311	bm25	1	1	0	none
django__django-14315	bm25	1	1	0	none
django__django-14349	bm25	1	1	0	none
django__django-14351	bm25	1	1	0	none
django__django-14373	bm25	1	1	1	none
django__django-14376	bm25	1	1	0	none
django__django-14404	bm25	1	1	0	none
django__django-14434	bm25	1	1	1	none
django__django-14493	bm25	1	1	0	none
django__django-14500	bm25	1	1	1	none
django__django-14534	bm25	1	1	0	none
django__django-14539	bm25	0	0	0	none
django__django-14559	bm25	0	0	0	none
django__django-14580	bm25	1	1	1	none
django__django-14608	bm25	0	0	0	none
django__django-14631	bm25	0	0	0	none
django__django-14672	bm25	1	1	1	none
django__django-14725	bm25	0	0	0	none
django__django-14752	bm25	1	1	1	none
django__django-14765	bm25	1	1	1	none
django__django-14771	bm25	1	1	1	none
django__django-14787	bm25	1	1	0	none
django__django-14792	bm25	1	1	0	none
django__django-14855	bm25	1	1	1	none
django__django-14915	bm25	1	1	1	none
django__django-14999	bm25	1	1	1	none
django__django-15022	bm25	1	1	0	none
django__django-15037	bm25	1	1	0	none
django__django-15098	bm25	0	0	0	none
django__django-15103	bm25	1	1	0	none
django__django-15104	bm25	1	1	1	none
django__django-15127	bm25	1	1	0	none
django__django-15128	bm25	1	1	0	none
django__django-15161	bm25	0	0	0	none
django__django-15252	bm25	1	1	0	none
django__django-15268	bm25	0	0	0	none
django__django-15277	bm25	1	1	1	none
django__django-15278	bm25	1	1	1	none
django__django-15280	bm25	0	0	0	none
django__django-15315	bm25	1	1	1	none
django__django-15368	bm25	1	1	1	none
django__django-15375	bm25	1	1	0	none
django__django-15380	bm25	1	1	1	none
django__django-15382	bm25	1	1	0	none
django__django-15467	bm25	1	1	1	none
django__django-15499	bm25	1	1	0	none
django__django-15503	bm25	0	0	0	none
django__django-15525	bm25	1	1	0	none
django__django-15554	bm25	0	0	0	none
django__django-15561	bm25	1	1	0	none
django__django-15563	bm25	1	1	0	none
django__django-15569	bm25	1	1	1	none
django__django-15572	bm25	1	1	1	none
django__django-15629	bm25	0	0	0	none
django__django-15695	bm25	0	0	0	none
django__django-15731	bm25	0	0	0	none
django__django-15732	bm25	0	0	0	none
django__django-15741	bm25	1	1	0	none
django__django-15814	bm25	1	1	1	none
django__django-15851	bm25	1	1	1	none
django__django-15863	bm25	1	1	1	none
django__django-15916	bm25	0	0	0	none
django__django-15930	bm25	0	0	0	none
django__django-15957	bm25	1	1	0	none
django__django-15973	bm25	1	1	0	none
django__django-15987	bm25	1	1	0	none
django__django-16032	bm25	0	0	0	none
django__django-16082	bm25	1	1	1	none
django__django-16100	bm25	0	0	0	none
django__django-16116	bm25	1	1	1	none
django__django-16136	bm25	1	1	0	none
django__django-16139	bm25	1	1	1	none
django__django-16145	bm25	0	0	0	none
django__django-16255	bm25	1	1	1	none
django__django-16256	bm25	1	1	0	none
django__django-16263	bm25	0	0	0	none
django__django-16315	bm25	1	1	0	none
django__django-16333	bm25	1	1	1	none
django__django-16429	bm25	0	0	0	none
django__django-16454	bm25	0	0	0	none
django__django-16485	bm25	1	1	0	none
django__django-16493	bm25	0	0	0	none
django__django-16502	bm25	0	0	0	none
django__django-16527	bm25	1	1	1	none
django__django-16560	bm25	1	1	0	none
django__django-16569	bm25	1	1	1	none
django__django-16595	bm25	1	1	1	none
django__django-16612	bm25	1	1	1	none
django__django-16631	bm25	1	1	0	none
django__django-16642	bm25	1	1	0	none
django__django-16661	bm25	1	1	0	none
django__django-16662	bm25	0	0	0	none
django__django-16667	bm25	1	1	0	none
django__django-16801	bm25	0	0	0	none
django__django-16819	bm25	1	1	1	none
django__django-16877	bm25	1	1	1	none
django__django-16899	bm25	0	0	0	none
django__django-16901	bm25	1	1	1	none
django__django-16938	bm25	1	1	0	none
django__django-16950	bm25	0	0	0	none
django__django-17029	bm25	1	1	1	none
django__django-17084	bm25	1	1	0	none
django__django-17087	bm25	1	1	0	none
django__django-7530	bm25	1	0	0	patch_apply_failed
django__django-9296	bm25	1	1	0	none
matplotlib__matplotlib-13989	bm25	0	0	0	none
matplotlib__matplotlib-14623	bm25	0	0	0	none
matplotlib__matplotlib-20488	bm25	0	0	0	none
matplotlib__matplotlib-20676	bm25	0	0	0	none
matplotlib__matplotlib-20826	bm25	1	1	0	none
matplotlib__matplotlib-20859	bm25	1	1	0	none
matplotlib__matplotlib-21568	bm25	1	1	0	none
matplotlib__matplotlib-22719	bm25	0	0	0	none
matplotlib__matplotlib-22865	bm25	1	1	0	none
matplotlib__matplotlib-22871	bm25	1	1	0	none
matplotlib__matplotlib-23299	bm25	1	1	0	none
matplotlib__matplotlib-23314	bm25	0	0	0	none
matplotlib__matplotlib-23412	bm25	1	1	0	none
matplotlib__matplotlib-23476	bm25	0	0	0	none
matplotlib__matplotlib-24026	bm25	0	0	0	none
matplotlib__matplotlib-24149	bm25	1	1	1	none
matplotlib__matplotlib-24177	bm25	1	1	0	none
matplotlib__matplotlib-24570	bm25	0	0	0	none
matplotlib__matplotlib-24627	bm25	1	1	0	none
matplotlib__matplotlib-24637	bm25	0	0	0	none
matplotlib__matplotlib-24870	bm25	0	0	0	none
matplotlib__matplotlib-24970	bm25	1	1	0	none
matplotlib__matplotlib-25122	bm25	1	1	1	none
matplotlib__matplotlib-25287	bm25	0	0	0	none
matplotlib__matplotlib-25311	bm25	0	0	0	none
matplotlib__matplotlib-25332	bm25	0	0	0	none
matplotlib__matplotlib-25479	bm25	0	0	0	none
matplotlib__matplotlib-25775	bm25	1	1	0	none
matplotlib__matplotlib-25960	bm25	0	0	0	none
matplotlib__matplotlib-26113	bm25	0	0	0	none
matplotlib__matplotlib-26208	bm25	0	0	0	none
matplotlib__matplotlib-26291	bm25	1	1	0	none
matplotlib__matplotlib-26342	bm25	1	1	0	none
matplotlib__matplotlib-26466	bm25	1	1	0	none
mwaskom__seaborn-3069	bm25	0	0	0	none
mwaskom__seaborn-3187	bm25	0	0	0	none
pallets__flask-5014	bm25	0	0	0	none
psf__requests-1142	bm25	1	1	1	none
psf__requests-1724	bm25	0	0	0	none
psf__requests-1766	bm25	0	0	0	none
psf__requests-1921	bm25	1	1	0	none
psf__requests-2317	bm25	1	1	0	none
psf__requests-2931	bm25	0	0	0	none
psf__requests-5414	bm25	0	0	0	none
psf__requests-6028	bm25	1	1	0	none
pydata__xarray-2905	bm25	1	1	0	none
pydata__xarray-3095	bm25	1	1	0	none
pydata__xarray-3151	bm25	1	1	0	none
pydata__xarray-3305	bm25	1	1	0	none
pydata__xarray-3677	bm25	1	1	0	none
pydata__xarray-3993	bm25	0	0	0	none
pydata__xarray-4075	bm25	0	0	0	none
pydata__xarray-4094	bm25	0	0	0	none
pydata__xarray-4356	bm25	0	0	0	none
pydata__xarray-4629	bm25	1	1	1	none
pydata__xarray-4687	bm25	1	1	0	none
pydata__xarray-4695	bm25	0	0	0	none
pydata__xarray-4966	bm25	1	0	0	patch_apply_failed
pydata__xarray-6461	bm25	1	1	1	none
pydata__xarray-6599	bm25	0	0	0	none
pydata__xarray-6721	bm25	0	0	0	none
pydata__xarray-6744	bm25	0	0	0	none
pydata__xarray-6938	bm25	1	1	0	none
pydata__xarray-6992	bm25	1	1	0	none
pydata__xarray-7229	bm25	1	1	0	none
pydata__xarray-7233	bm25	1	1	1	none
pydata__xarray-7393	bm25	1	1	0	none
pylint-dev__pylint-4551	bm25	1	1	0	none
pylint-dev__pylint-4604	bm25	1	1	0	none
pylint-dev__pylint-4661	bm25	1	1	0	none
pylint-dev__pylint-4970	bm25	0	0	0	none
pylint-dev__pylint-6386	bm25	1	1	0	none
pylint-dev__pylint-6528	bm25	1	1	0	none
pylint-dev__pylint-6903	bm25	1	1	1	none
pylint-dev__pylint-7080	bm25	1	1	1	none
pylint-dev__pylint-7277	bm25	1	1	1	none
pylint-dev__pylint-8898	bm25	0	0	0	none
pytest-dev__pytest-10051	bm25	0	0	0	none
pytest-dev__pytest-10081	bm25	1	1	1	none
pytest-dev__pytest-10356	bm25	0	0	0	none
pytest-dev__pytest-5262	bm25	1	1	0	none
pytest-dev__pytest-5631	bm25	0	0	0	none
pytest-dev__pytest-5787	bm25	0	0	0	none
pytest-dev__pytest-5809	bm25	1	1	1	none
pytest-dev__pytest-5840	bm25	0	0	0	none
pytest-dev__pytest-6197	bm25	0	0	0	none
pytest-dev__pytest-6202	bm25	1	1	1	none
pytest-dev__pytest-7205	bm25	1	1	1	none
pytest-dev__pytest-7236	bm25	1	1	0	none
pytest-dev__pytest-7324	bm25	1	1	0	none
pytest-dev__pytest-7432	bm25	1	1	0	none
pytest-dev__pytest-7490	bm25	1	1	0	none
pytest-dev__pytest-7521	bm25	1	1	0	none
pytest-dev__pytest-7571	bm25	1	1	1	none
pytest-dev__pytest-7982	bm25	0	0	0	none
pytest-dev__pytest-8399	bm25	0	0	0	none
scikit-learn__scikit-learn-10297	bm25	1	1	0	none
scikit-learn__scikit-learn-10844	bm25	1	1	1	none
scikit-learn__scikit-learn-10908	bm25	0	0	0	none
scikit-learn__scikit-learn-11310	bm25	1	1	0	none
scikit-learn__scikit-learn-11578	bm25	1	1	1	none
scikit-learn__scikit-learn-12585	bm25	1	1	1	none
scikit-learn__scikit-learn-12682	bm25	1	1	0	none
scikit-learn__scikit-learn-12973	bm25	1	1	0	none
scikit-learn__scikit-learn-13124	bm25	0	0	0	none
scikit-learn__scikit-learn-13135	bm25	1	1	1	none
scikit-learn__scikit-learn-13142	bm25	0	0	0	none
scikit-learn__scikit-learn-13328	bm25	1	1	1	none
scikit-learn__scikit-learn-13439	bm25	1	1	1	none
scikit-learn__scikit-learn-13496	bm25	0	0	0	none
scikit-learn__scikit-learn-13779	bm25	1	1	0	none
scikit-learn__scikit-learn-14053	bm25	1	1	0	none
scikit-learn__scikit-learn-14087	bm25	0	0	0	none
scikit-learn__scikit-learn-14141	bm25	1	1	1	none
scikit-learn__scikit-learn-14496	bm25	1	1	1	none
scikit-learn__scikit-learn-14629	bm25	0	0	0	none
scikit-learn__scikit-learn-14710	bm25	1	1	0	none
scikit-learn__scikit-learn-14894	bm25	1	1	0	none
scikit-learn__scikit-learn-14983	bm25	1	1	0	none
scikit-learn__scikit-learn-15100	bm25	1	1	1	none
scikit-learn__scikit-learn-25102	bm25	0	0	0	none
scikit-learn__scikit-learn-25232	bm25	0	0	0	none
scikit-learn__scikit-learn-25747	bm25	1	1	0	none
scikit-learn__scikit-learn-25931	bm25	1	1	0	none
scikit-learn__scikit-learn-25973	bm25	0	0	0	none
scikit-learn__scikit-learn-26194	bm25	1	1	0	none
scikit-learn__scikit-learn-26323	bm25	1	1	0	none
scikit-learn__scikit-learn-9288	bm25	1	1	0	none
sphinx-doc__sphinx-10323	bm25	1	1	0	none
sphinx-doc__sphinx-10435	bm25	1	1	0	none
sphinx-doc__sphinx-10449	bm25	1	1	0	none
sphinx-doc__sphinx-10466	bm25	1	1	0	none
sphinx-doc__sphinx-10614	bm25	0	0	0	none
sphinx-doc__sphinx-10673	bm25	1	1	1	none
sphinx-doc__sphinx-11445	bm25	1	1	0	none
sphinx-doc__sphinx-11510	bm25	1	1	0	none
sphinx-doc__sphinx-7440	bm25	1	1	0	none
sphinx-doc__sphinx-7454	bm25	1	1	0	none
sphinx-doc__sphinx-7462	bm25	1	1	0	none
sphinx-doc__sphinx-7590	bm25	1	1	0	none
sphinx-doc__sphinx-7748	bm25	1	1	0	none
sphinx-doc__sphinx-7757	bm25	1	1	0	none
sphinx-doc__sphinx-7889	bm25	1	1	0	none
sphinx-doc__sphinx-7910	bm25	0	0	0	none
sphinx-doc__sphinx-7985	bm25	1	1	0	none
sphinx-doc__sphinx-8035	bm25	0	0	0	none
sphinx-doc__sphinx-8056	bm25	0	0	0	none
sphinx-doc__sphinx-8120	bm25	0	0	0	none
sphinx-doc__sphinx-8265	bm25	1	1	0	none
sphinx-doc__sphinx-8269	bm25	1	1	0	none
sphinx-doc__sphinx-8459	bm25	0	0	0	none
sphinx-doc__sphinx-8475	bm25	0	0	0	none
sphinx-doc__sphinx-8548	bm25	1	1	0	none
sphinx-doc__sphinx-8551	bm25	0	0	0	none
sphinx-doc__sphinx-8593	bm25	0	0	0	none
sphinx-doc__sphinx-8595	bm25	0	0	0	none
sphinx-doc__sphinx-8621	bm25	1	1	0	none
sphinx-doc__sphinx-8638	bm25	1	1	0	none
sphinx-doc__sphinx-8721	bm25	1	1	0	none
sphinx-doc__sphinx-9229	bm25	1	1	0	none
sphinx-doc__sphinx-9230	bm25	0	0	0	none
sphinx-doc__sphinx-9258	bm25	1	1	0	none
sphinx-doc__sphinx-9281	bm25	0	0	0	none
sphinx-doc__sphinx-9320	bm25	1	1	0	none
sphinx-doc__sphinx-9367	bm25	1	1	0	none
sphinx-doc__sphinx-9461	bm25	0	0	0	none
sphinx-doc__sphinx-9591	bm25	1	1	0	none
sphinx-doc__sphinx-9602	bm25	1	1	0	none
sphinx-doc__sphinx-9658	bm25	1	1	0	none
sphinx-doc__sphinx-9673	bm25	1	1	0	none
sphinx-doc__sphinx-9698	bm25	0	0	0	none
sphinx-doc__sphinx-9711	bm25	1	1	0	none
sympy__sympy-11618	bm25	1	1	0	none
sympy__sympy-12096	bm25	1	1	0	none
sympy__sympy-12419	bm25	1	1	0	none
sympy__sympy-12481	bm25	1	1	1	none
sympy__sympy-12489	bm25	1	1	0	none
sympy__sympy-13031	bm25	1	1	0	none
sympy__sympy-13091	bm25	1	1	0	none
sympy__sympy-13372	bm25	0	0	0	none
sympy__sympy-13480	bm25	1	1	0	none
sympy__sympy-13551	bm25	1	1	0	none
sympy__sympy-13615	bm25	1	1	0	none
sympy__sympy-13647	bm25	1	1	1	none
sympy__sympy-13757	bm25	1	1	0	none
sympy__sympy-13798	bm25	0	0	0	none
sympy__sympy-13852	bm25	1	1	0	none
sympy__sympy-13877	bm25	1	1	1	none
sympy__sympy-13878	bm25	0	0	0	none
sympy__sympy-13974	bm25	1	1	1	none
sympy__sympy-14248	bm25	1	1	0	none
sympy__sympy-14531	bm25	1	1	0	none
sympy__sympy-14711	bm25	1	1	0	none
sympy__sympy-14976	bm25	1	1	0	none
sympy__sympy-15017	bm25	1	1	0	none
sympy__sympy-15345	bm25	0	0	0	none
sympy__sympy-15349	bm25	1	1	0	none
sympy__sympy-15599	bm25	1	1	0	none
sympy__sympy-15809	bm25	0	0	0	none
sympy__sympy-15875	bm25	1	1	0	none
sympy__sympy-15976	bm25	1	1	0	none
sympy__sympy-16450	bm25	1	1	0	none
sympy__sympy-16597	bm25	1	1	0	none
sympy__sympy-16766	bm25	0	0	0	none
sympy__sympy-16792	bm25	1	1	0	none
sympy__sympy-16886	bm25	0	0	0	none
sympy__sympy-17139	bm25	1	1	1	none
sympy__sympy-17318	bm25	0	0	0	none
sympy__sympy-17630	bm25	1	1	0	none
sympy__sympy-17655	bm25	1	1	1	none
sympy__sympy-18189	bm25	0	0	0	none
sympy__sympy-18199	bm25	1	1	0	none
sympy__sympy-18211	bm25	0	0	0	none
sympy__sympy-18698	bm25	1	1	0	none
sympy__sympy-18763	bm25	1	1	1	none
sympy__sympy-19040	bm25	1	1	0	none
sympy__sympy-19346	bm25	1	1	0	none
sympy__sympy-19495	bm25	1	1	0	none
sympy__sympy-19637	bm25	1	1	0	none
sympy__sympy-19783	bm25	1	1	0	none
sympy__sympy-19954	bm25	0	0	0	none
sympy__sympy-20154	bm25	0	0	0	none
sympy__sympy-20428	bm25	1	1	0	none
sympy__sympy-20438	bm25	0	0	0	none
sympy__sympy-20590	bm25	1	0	0	patch_apply_failed
sympy__sympy-20801	bm25	1	1	0	none
sympy__sympy-20916	bm25	1	1	0	none
sympy__sympy-21379	bm25	0	0	0	none
sympy__sympy-21596	bm25	1	1	0	none
sympy__sympy-21612	bm25	1	1	0	none
sympy__sympy-21847	bm25	1	1	1	none
sympy__sympy-21930	bm25	1	1	0	none
sympy__sympy-22080	bm25	1	1	0	none
sympy__sympy-22456	bm25	1	1	1	none
sympy__sympy-22714	bm25	1	1	1	none
sympy__sympy-22914	bm25	1	1	1	none
sympy__sympy-23262	bm25	1	1	0	none
sympy__sympy-23413	bm25	1	1	0	none
sympy__sympy-23534	bm25	1	1	0	none
sympy__sympy-23824	bm25	1	1	1	none
sympy__sympy-23950	bm25	1	0	0	patch_apply_failed
sympy__sympy-24066	bm25	1	1	1	none
sympy__sympy-24213	bm25	1	1	1	none
sympy__sympy-24443	bm25	0	0	0	none
sympy__sympy-24539	bm25	1	1	1	none
sympy__sympy-24562	bm25	1	1	0	none
sympy__sympy-24661	bm25	1	1	0	none
astropy__astropy-12907	mural	1	1	0	none
astropy__astropy-13033	mural	1	1	0	none
astropy__astropy-13236	mural	1	1	0	none
astropy__astropy-13398	mural	1	1	0	none
astropy__astropy-13453	mural	0	0	0	none
astropy__astropy-13579	mural	0	0	0	none
astropy__astropy-13977	mural	1	1	0	none
astropy__astropy-14096	mural	0	0	0	none
astropy__astropy-14182	mural	1	1	0	none
astropy__astropy-14309	mural	1	1	1	none
astropy__astropy-14365	mural	0	0	0	none
astropy__astropy-14369	mural	1	1	0	none
astropy__astropy-14508	mural	0	0	0	none
astropy__astropy-14539	mural	0	0	0	none
astropy__astropy-14598	mural	0	0	0	none
astropy__astropy-14995	mural	0	0	0	none
astropy__astropy-7166	mural	0	0	0	none
astropy__astropy-7336	mural	1	1	1	none
astropy__astropy-7606	mural	0	0	0	none
astropy__astropy-7671	mural	0	0	0	none
astropy__astropy-8707	mural	1	1	0	none
astropy__astropy-8872	mural	0	0	0	none
django__django-10097	mural	1	1	0	none
django__django-10554	mural	1	1	0	none
django__django-10880	mural	1	1	0	none
django__django-10914	mural	1	1	1	none
django__django-10973	mural	0	0	0	none
django__django-10999	mural	1	1	0	none
django__django-11066	mural	1	1	1	none
django__django-11087	mural	1	1	0	none
django__django-11095	mural	1	1	1	none
django__django-11099	mural	1	1	1	none
django__django-11119	mural	1	1	1	none
django__django-11133	mural	1	1	0	none
django__django-11138	mural	1	1	0	none
django__django-11141	mural	1	1	0	none
django__django-11149	mural	1	1	0	none
django__django-11163	mural	1	1	1	none
django__django-11179	mural	1	1	1	none
django__django-11206	mural	1	1	1	none
django__django-11211	mural	1	1	0	none
django__django-11239	mural	1	1	0	none
django__django-11265	mural	1	1	0	none
django__django-11276	mural	1	1	0	none
django__django-11292	mural	1	1	0	none
django__django-11299	mural	1	1	0	none
django__django-11333	mural	1	1	0	none
django__django-11400	mural	1	1	0	none
django__django-11433	mural	1	1	0	none
django__django-11451	mural	1	1	1	none
django__django-11477	mural	0	0	0	none
django__django-11490	mural	1	1	0	none
django__django-11532	mural	1	1	0	none
django__django-11551	mural	1	1	1	none
django__django-11555	mural	1	1	0	none
django__django-11603	mural	1	1	0	none
django__django-11728	mural	1	1	0	none
django__django-11734	mural	1	1	0	none
django__django-11740	mural	1	1	0	none
django__django-11749	mural	0	0	0	none
django__django-11790	mural	1	1	0	none
django__django-11815	mural	1	1	1	none
django__django-11820	mural	1	1	0	none
django__django-11848	mural	1	1	0	none
django__django-11880	mural	1	1	1	none
django__django-11885	mural	0	0	0	none
django__django-11951	mural	0	0	0	none
django__django-11964	mural	0	0	0	none
django__django-11999	mural	1	1	1	none
django__django-12039	mural	1	1	1	none
django__django-12050	mural	1	1	1	none
django__django-12125	mural	1	1	1	none
django__django-12143	mural	1	1	1	none
django__django-12155	mural	1	1	1	none
django__django-12193	mural	1	1	1	none
django__django-12209	mural	1	1	0	none
django__django-12262	mural	1	1	0	none
django__django-12273	mural	0	0	0	none
django__django-12276	mural	1	1	0	none
django__django-12304	mural	0	0	0	none
django__django-12308	mural	1	1	0	none
django__django-12325	mural	1	1	0	none
django__django-12406	mural	0	0	0	none
django__django-12419	mural	1	1	1	none
django__django-12663	mural	0	0	0	none
django__django-12708	mural	0	0	0	none
django__django-12713	mural	1	1	1	none
django__django-12741	mural	1	1	0	none
django__django-12754	mural	1	1	0	none
django__django-12774	mural	1	1	0	none
django__django-12858	mural	1	1	0	none
django__django-12965	mural	1	1	0	none
django__django-13012	mural	1	1	1	none
django__django-13023	mural	1	1	0	none
django__django-13028	mural	1	1	0	none
django__django-13033	mural	1	1	0	none
django__django-13089	mural	1	1	0	none
django__django-13109	mural	1	1	1	none
django__django-13112	mural	1	1	0	none
django__django-13121	mural	0	0	0	none
django__django-13128	mural	1	1	0	none
django__django-13158	mural	1	1	0	none
django__django-13195	mural	1	1	0	none
django__django-13212	mural	1	1	0	none
django__django-13279	mural	1	1	0	none
django__django-13297	mural	1	1	0	none
django__django-13315	mural	1	1	1	none
django__django-13343	mural	1	1	0	none
django__django-13344	mural	1	1	0	none
django__django-13346	mural	1	1	0	none
django__django-13363	mural	1	1	1	none
django__django-13401	mural	1	1	0	none
django__django-13406	mural	1	1	0	none
django__django-13410	mural	0	0	0	none
django__django-13417	mural	1	1	1	none
django__django-13449	mural	0	0	0	none
django__django-13512	mural	1	1	1	none
django__django-13513	mural	1	1	0	none
django__django-13516	mural	1	1	1	none
django__django-13551	mural	1	1	0	none
django__django-13568	mural	1	1	0	none
django__django-13569	mural	1	1	1	none
django__django-13590	mural	1	1	0	none
django__django-13658	mural	1	1	1	none
django__django-13670	mural	1	1	1	none
django__django-13741	mural	1	1	1	none
django__django-13786	mural	0	0	0	none
django__django-13794	mural	0	0	0	none
django__django-13807	mural	1	1	0	none
django__django-13809	mural	0	0	0	none
django__django-13810	mural	1	1	1	none
django__django-13820	mural	0	0	0	none
django__django-13821	mural	1	1	1	none
django__django-13837	mural	1	1	0	none
django__django-13925	mural	1	1	0	none
django__django-13933	mural	0	0	0	none
django__django-13964	mural	0	0	0	none
django__django-14007	mural	0	0	0	none
django__django-14011	mural	1	1	0	none
django__django-14017	mural	0	0	0	none
django__django-14034	mural	0	0	0	none
django__django-14053	mural	1	1	1	none
django__django-14089	mural	0	0	0	none
django__django-14122	mural	0	0	0	none
django__django-14140	mural	0	0	0	none
django__django-14155	mural	1	1	0	none
django__django-14170	mural	0	0	0	none
django__django-14238	mural	1	1	1	none
django__django-14311	mural	1	1	0	none
django__django-14315	mural	1	1	0	none
django__django-14349	mural	1	1	0	none
django__django-14351	mural	0	0	0	none
django__django-14373	mural	1	1	1	none
django__django-14376	mural	1	1	0	none
django__django-14404	mural	1	1	1	none
django__django-14434	mural	1	1	0	none
django__django-14493	mural	1	1	0	none
django__django-14500	mural	1	1	1	none
django__django-14534	mural	1	1	0	none
django__django-14539	mural	0	0	0	none
django__django-14559	mural	0	0	0	none
django__django-14580	mural	0	0	0	none
django__django-14608	mural	1	1	1	none
django__django-14631	mural	0	0	0	none
django__django-14672	mural	1	1	1	none
django__django-14725	mural	0	0	0	none
django__django-14752	mural	1	1	1	none
django__django-14765	mural	1	1	1	none
django__django-14771	mural	1	1	0	none
django__django-14787	mural	1	1	0	none
django__django-14792	mural	0	0	0	none
django__django-14855	mural	1	1	1	none
django__django-14915	mural	1	1	1	none
django__django-14999	mural	0	0	0	none
django__django-15022	mural	0	0	0	none
django__django-15037	mural	1	1	0	none
django__django-15098	mural	1	1	0	none
django__django-15103	mural	1	1	0	none
django__django-15104	mural	1	1	1	none
django__django-15127	mural	1	1	0	none
django__django-15128	mural	0	0	0	none
django__django-15161	mural	1	1	0	none
django__django-15252	mural	0	0	0	none
django__django-15268	mural	0	0	0	none
django__django-15277	mural	1	1	1	none
django__django-15278	mural	1	1	1	none
django__django-15280	mural	1	1	0	none
django__django-15315	mural	1	1	1	none
django__django-15368	mural	1	1	1	none
django__django-15375	mural	1	1	0	none
django__django-15380	mural	1	1	1	none
django__django-15382	mural	1	1	0	none
django__django-15467	mural	1	1	1	none
django__django-15499	mural	1	1	1	none
django__django-15503	mural	0	0	0	none
django__django-15525	mural	1	1	1	none
django__django-15554	mural	0	0	0	none
django__django-15561	mural	1	1	0	none
django__django-15563	mural	1	1	0	none
django__django-15569	mural	1	1	1	none
django__django-15572	mural	0	0	0	none
django__django-15629	mural	1	1	0	none
django__django-15695	mural	0	0	0	none
django__django-15731	mural	0	0	0	none
django__django-15732	mural	0	0	0	none
django__django-15741	mural	0	0	0	none
django__django-15814	mural	0	0	0	none
django__django-15851	mural	1	1	1	none
django__django-15863	mural	0	0	0	none
django__django-15916	mural	1	1	0	none
django__django-15930	mural	0	0	0	none
django__django-15957	mural	1	1	0	none
django__django-15973	mural	1	1	0	none
django__django-15987	mural	0	0	0	none
django__django-16032	mural	1	1	0	none
django__django-16082	mural	1	1	0	none
django__django-16100	mural	0	0	0	none
django__django-16116	mural	1	1	1	none
django__django-16136	mural	1	1	0	none
django__django-16139	mural	1	1	1	none
django__django-16145	mural	0	0	0	none
django__django-16255	mural	1	1	1	none
django__django-16256	mural	1	1	0	none
django__django-16263	mural	0	0	0	none
django__django-16315	mural	1	1	0	none
django__django-16333	mural	1	1	1	none
django__django-16429	mural	0	0	0	none
django__django-16454	mural	1	1	0	none
django__django-16485	mural	0	0	0	none
django__django-16493	mural	0	0	0	none
django__django-16502	mural	1	1	0	none
django__django-16527	mural	1	1	1	none
django__django-16560	mural	1	1	0	none
django__django-16569	mural	1	1	1	none
django__django-16595	mural	1	1	0	none
django__django-16612	mural	1	1	1	none
django__django-16631	mural	1	1	0	none
django__django-16642	mural	1	1	0	none
django__django-16661	mural	0	0	0	none
django__django-16662	mural	1	1	0	none
django__django-16667	mural	1	1	0	none
django__django-16801	mural	0	0	0	none
django__django-16819	mural	0	0	0	none
django__django-16877	mural	1	1	1	none
django__django-16899	mural	1	1	0	none
django__django-16901	mural	1	1	1	none
django__django-16938	mural	1	1	0	none
django__django-16950	mural	1	1	0	none
django__django-17029	mural	1	1	1	none
django__django-17084	mural	1	1	0	none
django__django-17087	mural	0	0	0	none
django__django-7530	mural	1	0	0	patch_apply_failed
django__django-9296	mural	1	1	1	none
matplotlib__matplotlib-13989	mural	0	0	0	none
matplotlib__matplotlib-14623	mural	1	1	0	none
matplotlib__matplotlib-20488	mural	1	1	0	none
matplotlib__matplotlib-20676	mural	0	0	0	none
matplotlib__matplotlib-20826	mural	1	1	0	none
matplotlib__matplotlib-20859	mural	1	1	0	none
matplotlib__matplotlib-21568	mural	0	0	0	none
matplotlib__matplotlib-22719	mural	1	1	0	none
matplotlib__matplotlib-22865	mural	0	0	0	none
matplotlib__matplotlib-22871	mural	0	0	0	none
matplotlib__matplotlib-23299	mural	0	0	0	none
matplotlib__matplotlib-23314	mural	1	1	0	none
matplotlib__matplotlib-23412	mural	1	1	0	none
matplotlib__matplotlib-23476	mural	0	0	0	none
matplotlib__matplotlib-24026	mural	0	0	0	none
matplotlib__matplotlib-24149	mural	1	1	1	none
matplotlib__matplotlib-24177	mural	0	0	0	none
matplotlib__matplotlib-24570	mural	1	1	0	none
matplotlib__matplotlib-24627	mural	0	0	0	none
matplotlib__matplotlib-24637	mural	1	1	0	none
matplotlib__matplotlib-24870	mural	1	1	0	none
matplotlib__matplotlib-24970	mural	0	0	0	none
matplotlib__matplotlib-25122	mural	1	1	1	none
matplotlib__matplotlib-25287	mural	0	0	0	none
matplotlib__matplotlib-25311	mural	1	1	0	none
matplotlib__matplotlib-25332	mural	0	0	0	none
matplotlib__matplotlib-25479	mural	1	1	0	none
matplotlib__matplotlib-25775	mural	1	1	0	none
matplotlib__matplotlib-25960	mural	0	0	0	none
matplotlib__matplotlib-26113	mural	1	1	0	none
matplotlib__matplotlib-26208	mural	0	0	0	none
matplotlib__matplotlib-26291	mural	0	0	0	none
matplotlib__matplotlib-26342	mural	0	0	0	none
matplotlib__matplotlib-26466	mural	1	1	0	none
mwaskom__seaborn-3069	mural	1	1	0	none
mwaskom__seaborn-3187	mural	0	0	0	none
pallets__flask-5014	mural	0	0	0	none
psf__requests-1142	mural	1	1	1	none
psf__requests-1724	mural	0	0	0	none
psf__requests-1766	mural	0	0	0	none
psf__requests-1921	mural	0	0	0	none
psf__requests-2317	mural	0	0	0	none
psf__requests-2931	mural	1	1	0	none
psf__requests-5414	mural	0	0	0	none
psf__requests-6028	mural	1	1	0	none
pydata__xarray-2905	mural	1	1	0	none
pydata__xarray-3095	mural	1	1	0	none
pydata__xarray-3151	mural	1	1	0	none
pydata__xarray-3305	mural	1	1	0	none
pydata__xarray-3677	mural	1	1	0	none
pydata__xarray-3993	mural	1	1	0	none
pydata__xarray-4075	mural	1	1	0	none
pydata__xarray-4094	mural	0	0	0	none
pydata__xarray-4356	mural	0	0	0	none
pydata__xarray-4629	mural	1	1	1	none
pydata__xarray-4687	mural	1	1	0	none
pydata__xarray-4695	mural	1	1	0	none
pydata__xarray-4966	mural	0	0	0	none
pydata__xarray-6461	mural	1	1	1	none
pydata__xarray-6599	mural	0	0	0	none
pydata__xarray-6721	mural	0	0	0	none
pydata__xarray-6744	mural	1	1	0	none
pydata__xarray-6938	mural	1	1	0	none
pydata__xarray-6992	mural	1	1	0	none
pydata__xarray-7229	mural	1	1	0	none
pydata__xarray-7233	mural	0	0	0	none
pydata__xarray-7393	mural	1	1	0	none
pylint-dev__pylint-4551	mural	1	1	0	none
pylint-dev__pylint-4604	mural	0	0	0	none
pylint-dev__pylint-4661	mural	1	1	0	none
pylint-dev__pylint-4970	mural	0	0	0	none
pylint-dev__pylint-6386	mural	1	1	0	none
pylint-dev__pylint-6528	mural	0	0	0	none
pylint-dev__pylint-6903	mural	0	0	0	none
pylint-dev__pylint-7080	mural	0	0	0	none
pylint-dev__pylint-7277	mural	1	1	1	none
pylint-dev__pylint-8898	mural	1	1	0	none
pytest-dev__pytest-10051	mural	0	0	0	none
pytest-dev__pytest-10081	mural	1	1	0	none
pytest-dev__pytest-10356	mural	0	0	0	none
pytest-dev__pytest-5262	mural	0	0	0	none
pytest-dev__pytest-5631	mural	1	1	1	none
pytest-dev__pytest-5787	mural	1	1	0	none
pytest-dev__pytest-5809	mural	1	1	1	none
pytest-dev__pytest-5840	mural	0	0	0	none
pytest-dev__pytest-6197	mural	0	0	0	none
pytest-dev__pytest-6202	mural	1	1	1	none
pytest-dev__pytest-7205	mural	1	1	1	none
pytest-dev__pytest-7236	mural	1	1	0	none
pytest-dev__pytest-7324	mural	1	1	0	none
pytest-dev__pytest-7432	mural	1	1	0	none
pytest-dev__pytest-7490	mural	1	1	0	none
pytest-dev__pytest-7521	mural	0	0	0	none
pytest-dev__pytest-7571	mural	1	1	0	none
pytest-dev__pytest-7982	mural	0	0	0	none
pytest-dev__pytest-8399	mural	1	1	0	none
scikit-learn__scikit-learn-10297	mural	0	0	0	none
scikit-learn__scikit-learn-10844	mural	1	1	1	none
scikit-learn__scikit-learn-10908	mural	1	1	0	none
scikit-learn__scikit-learn-11310	mural	1	1	0	none
scikit-learn__scikit-learn-11578	mural	1	1	1	none
scikit-learn__scikit-learn-12585	mural	1	1	1	none
scikit-learn__scikit-learn-12682	mural	0	0	0	none
scikit-learn__scikit-learn-12973	mural	1	1	0	none
scikit-learn__scikit-learn-13124	mural	1	1	0	none
scikit-learn__scikit-learn-13135	mural	1	1	1	none
scikit-learn__scikit-learn-13142	mural	0	0	0	none
scikit-learn__scikit-learn-13328	mural	0	0	0	none
scikit-learn__scikit-learn-13439	mural	1	1	1	none
scikit-learn__scikit-learn-13496	mural	1	1	0	none
scikit-learn__scikit-learn-13779	mural	0	0	0	none
scikit-learn__scikit-learn-14053	mural	1	1	0	none
scikit-learn__scikit-learn-14087	mural	1	1	0	none
scikit-learn__scikit-learn-14141	mural	1	1	1	none
scikit-learn__scikit-learn-14496	mural	1	1	1	none
scikit-learn__scikit-learn-14629	mural	1	1	1	none
scikit-learn__scikit-learn-14710	mural	1	1	0	none
scikit-learn__scikit-learn-14894	mural	1	1	0	none
scikit-learn__scikit-learn-14983	mural	1	1	0	none
scikit-learn__scikit-learn-15100	mural	1	1	1	none
scikit-learn__scikit-learn-25102	mural	0	0	0	none
scikit-learn__scikit-learn-25232	mural	1	1	0	none
scikit-learn__scikit-learn-25747	mural	1	1	0	none
scikit-learn__scikit-learn-25931	mural	0	0	0	none
scikit-learn__scikit-learn-25973	mural	1	1	0	none
scikit-learn__scikit-learn-26194	mural	1	1	0	none
scikit-learn__scikit-learn-26323	mural	1	1	0	none
scikit-learn__scikit-learn-9288	mural	1	1	0	none
sphinx-doc__sphinx-10323	mural	1	1	0	none
sphinx-doc__sphinx-10435	mural	1	1	0	none
sphinx-doc__sphinx-10449	mural	1	1	1	none
sphinx-doc__sphinx-10466	mural	1	1	0	none
sphinx-doc__sphinx-10614	mural	0	0	0	none
sphinx-doc__sphinx-10673	mural	1	1	0	none
sphinx-doc__sphinx-11445	mural	1	1	0	none
sphinx-doc__sphinx-11510	mural	1	1	0	none
sphinx-doc__sphinx-7440	mural	0	0	0	none
sphinx-doc__sphinx-7454	mural	1	1	0	none
sphinx-doc__sphinx-7462	mural	1	1	0	none
sphinx-doc__sphinx-7590	mural	1	1	0	none
sphinx-doc__sphinx-7748	mural	1	0	0	patch_apply_failed
sphinx-doc__sphinx-7757	mural	1	1	0	none
sphinx-doc__sphinx-7889	mural	1	1	0	none
sphinx-doc__sphinx-7910	mural	1	1	0	none
sphinx-doc__sphinx-7985	mural	0	0	0	none
sphinx-doc__sphinx-8035	mural	1	1	1	none
sphinx-doc__sphinx-8056	mural	0	0	0	none
sphinx-doc__sphinx-8120	mural	1	1	1	none
sphinx-doc__sphinx-8265	mural	0	0	0	none
sphinx-doc__sphinx-8269	mural	1	1	0	none
sphinx-doc__sphinx-8459	mural	1	1	0	none
sphinx-doc__sphinx-8475	mural	0	0	0	none
sphinx-doc__sphinx-8548	mural	1	1	0	none
sphinx-doc__sphinx-8551	mural	1	1	0	none
sphinx-doc__sphinx-8593	mural	0	0	0	none
sphinx-doc__sphinx-8595	mural	1	1	0	none
sphinx-doc__sphinx-8621	mural	1	1	0	none
sphinx-doc__sphinx-8638	mural	1	1	0	none
sphinx-doc__sphinx-8721	mural	1	1	0	none
sphinx-doc__sphinx-9229	mural	0	0	0	none
sphinx-doc__sphinx-9230	mural	1	1	0	none
sphinx-doc__sphinx-9258	mural	1	1	0	none
sphinx-doc__sphinx-9281	mural	1	1	0	none
sphinx-doc__sphinx-9320	mural	0	0	0	none
sphinx-doc__sphinx-9367	mural	1	1	1	none
sphinx-doc__sphinx-9461	mural	1	1	0	none
sphinx-doc__sphinx-9591	mural	0	0	0	none
sphinx-doc__sphinx-9602	mural	1	1	0	none
sphinx-doc__sphinx-9658	mural	1	1	0	none
sphinx-doc__sphinx-9673	mural	0	0	0	none
sphinx-doc__sphinx-9698	mural	1	1	1	none
sphinx-doc__sphinx-9711	mural	1	1	0	none
sympy__sympy-11618	mural	1	1	0	none
sympy__sympy-12096	mural	1	1	1	none
sympy__sympy-12419	mural	1	1	0	none
sympy__sympy-12481	mural	1	1	1	none
sympy__sympy-12489	mural	0	0	0	none
sympy__sympy-13031	mural	1	1	0	none
sympy__sympy-13091	mural	1	1	0	none
sympy__sympy-13372	mural	0	0	0	none
sympy__sympy-13480	mural	0	0	0	none
sympy__sympy-13551	mural	1	1	0	none
sympy__sympy-13615	mural	1	1	0	none
sympy__sympy-13647	mural	1	1	1	none
sympy__sympy-13757	mural	1	1	1	none
sympy__sympy-13798	mural	1	1	0	none
sympy__sympy-13852	mural	1	1	0	none
sympy__sympy-13877	mural	1	1	1	none
sympy__sympy-13878	mural	0	0	0	none
sympy__sympy-13974	mural	1	1	1	none
sympy__sympy-14248	mural	1	1	0	none
sympy__sympy-14531	mural	1	1	0	none
sympy__sympy-14711	mural	1	1	0	none
sympy__sympy-14976	mural	1	1	0	none
sympy__sympy-15017	mural	1	1	0	none
sympy__sympy-15345	mural	1	1	1	none
sympy__sympy-15349	mural	1	1	0	none
sympy__sympy-15599	mural	1	1	0	none
sympy__sympy-15809	mural	1	1	0	none
sympy__sympy-15875	mural	1	1	0	none
sympy__sympy-15976	mural	1	1	0	none
sympy__sympy-16450	mural	1	1	0	none
sympy__sympy-16597	mural	1	1	0	none
sympy__sympy-16766	mural	1	1	1	none
sympy__sympy-16792	mural	1	1	0	none
sympy__sympy-16886	mural	1	1	1	none
sympy__sympy-17139	mural	1	1	1	none
sympy__sympy-17318	mural	1	1	0	none
sympy__sympy-17630	mural	1	1	0	none
sympy__sympy-17655	mural	1	1	1	none
sympy__sympy-18189	mural	1	1	0	none
sympy__sympy-18199	mural	1	1	0	none
sympy__sympy-18211	mural	0	0	0	none
sympy__sympy-18698	mural	1	1	0	none
sympy__sympy-18763	mural	1	1	1	none
sympy__sympy-19040	mural	1	1	0	none
sympy__sympy-19346	mural	1	1	0	none
sympy__sympy-19495	mural	1	1	0	none
sympy__sympy-19637	mural	1	1	0	none
sympy__sympy-19783	mural	1	1	0	none
sympy__sympy-19954	mural	1	1	1	none
sympy__sympy-20154	mural	1	1	0	none
sympy__sympy-20428	mural	1	1	0	none
sympy__sympy-20438	mural	1	1	0	none
sympy__sympy-20590	mural	1	0	0	patch_apply_failed
sympy__sympy-20801	mural	1	1	0	none
sympy__sympy-20916	mural	1	1	0	none
sympy__sympy-21379	mural	1	1	0	none
sympy__sympy-21596	mural	1	1	0	none
sympy__sympy-21612	mural	1	1	0	none
sympy__sympy-21847	mural	1	1	1	none
sympy__sympy-21930	mural	0	0	0	none
sympy__sympy-22080	mural	0	0	0	none
sympy__sympy-22456	mural	1	1	1	none
sympy__sympy-22714	mural	1	1	0	none
sympy__sympy-22914	mural	1	1	1	none
sympy__sympy-23262	mural	1	1	0	none
sympy__sympy-23413	mural	1	1	0	none
sympy__sympy-23534	mural	1	1	1	none
sympy__sympy-23824	mural	1	1	1	none
sympy__sympy-23950	mural	1	0	0	patch_apply_failed
sympy__sympy-24066	mural	1	1	0	none
sympy__sympy-24213	mural	1	1	1	none
sympy__sympy-24443	mural	0	0	0	none
sympy__sympy-24539	mural	1	1	1	none
sympy__sympy-24562	mural	1	1	0	none
sympy__sympy-24661	mural	1	1	0	none
